Date;Timestamp;DeviceOrientation;AccelerationX;AccelerationY;AccelerationZ;Label
2020-07-16 13:16:44;1594930604.508958;portrait;0.2570343017578125;-0.8939208984375;-0.3426513671875;
2020-07-16 13:16:44;1594930604.5181954;portrait;0.219757080078125;-0.9137420654296876;-0.3300933837890625;
2020-07-16 13:16:44;1594930604.5241199;portrait;0.204833984375;-0.9145355224609376;-0.3663330078125;
2020-07-16 13:16:44;1594930604.5302901;portrait;0.2141876220703125;-0.9085540771484376;-0.3160400390625;
2020-07-16 13:16:44;1594930604.535184;portrait;0.1378173828125;-0.9203338623046876;-0.308135986328125;
2020-07-16 13:16:44;1594930604.5433102;portrait;0.1172332763671875;-0.934356689453125;-0.2601165771484375;
2020-07-16 13:16:44;1594930604.5500689;portrait;0.203460693359375;-0.964263916015625;-0.2609100341796875;
2020-07-16 13:16:44;1594930604.55478;portrait;0.2794647216796875;-0.871856689453125;-0.26727294921875;
2020-07-16 13:16:44;1594930604.56304;portrait;0.205352783203125;-0.76910400390625;-0.2823638916015625;
2020-07-16 13:16:44;1594930604.599515;portrait;0.4490509033203125;-0.842926025390625;-0.300201416015625;
2020-07-16 13:16:44;1594930604.638734;portrait;0.3311767578125;-0.8223724365234375;-0.266265869140625;
2020-07-16 13:16:44;1594930604.679699;portrait;0.3463287353515625;-1.00640869140625;-0.2230987548828125;
2020-07-16 13:16:44;1594930604.719209;portrait;0.166290283203125;-1.0933380126953125;-0.140045166015625;
2020-07-16 13:16:44;1594930604.761019;portrait;0.172515869140625;-1.060028076171875;-0.248779296875;
2020-07-16 13:16:44;1594930604.8020911;portrait;0.0604400634765625;-0.9472503662109376;-0.2360382080078125;
2020-07-16 13:16:44;1594930604.842743;portrait;0.157501220703125;-0.95343017578125;-0.2720489501953125;
2020-07-16 13:16:44;1594930604.881724;portrait;0.1742095947265625;-1.031341552734375;-0.2887420654296875;
2020-07-16 13:16:44;1594930604.920186;portrait;0.1614837646484375;-1.10015869140625;-0.321746826171875;
2020-07-16 13:16:44;1594930604.959981;portrait;0.064117431640625;-0.950347900390625;-0.392669677734375;
2020-07-16 13:16:44;1594930604.99795;portrait;-0.0195770263671875;-0.7779998779296875;-0.405853271484375;
2020-07-16 13:16:44;1594930605.039196;portrait;0.0526885986328125;-0.763641357421875;-0.404144287109375;
2020-07-16 13:16:44;1594930605.079329;portrait;0.094268798828125;-0.78466796875;-0.367950439453125;
2020-07-16 13:16:44;1594930605.1195068;portrait;0.1370849609375;-0.8183135986328125;-0.352020263671875;
2020-07-16 13:16:44;1594930605.1601331;portrait;0.105072021484375;-0.8493194580078125;-0.310821533203125;
2020-07-16 13:16:44;1594930605.201096;portrait;0.1026611328125;-0.988311767578125;-0.2936859130859375;
2020-07-16 13:16:44;1594930605.242301;portrait;0.1491546630859375;-1.10284423828125;-0.2942657470703125;
2020-07-16 13:16:44;1594930605.2876132;portrait;0.1917266845703125;-1.1878662109375;-0.309722900390625;
2020-07-16 13:16:44;1594930605.3224258;portrait;0.2718963623046875;-1.4076385498046875;-0.3850555419921875;
2020-07-16 13:16:44;1594930605.363852;portrait;0.2765045166015625;-1.369720458984375;-0.403778076171875;
2020-07-16 13:16:44;1594930605.4033391;portrait;0.161376953125;-0.98974609375;-0.264892578125;
2020-07-16 13:16:44;1594930605.444384;portrait;0.099700927734375;-0.894256591796875;-0.2228240966796875;
2020-07-16 13:16:44;1594930605.4837706;portrait;0.104644775390625;-0.980224609375;-0.1414947509765625;
2020-07-16 13:16:44;1594930605.524199;portrait;0.1529541015625;-1.0502777099609375;-0.0790863037109375;
2020-07-16 13:16:44;1594930605.561044;portrait;0.1669921875;-0.9126129150390624;-0.0679931640625;
2020-07-16 13:16:44;1594930605.602807;portrait;0.180938720703125;-0.779205322265625;-0.084503173828125;
2020-07-16 13:16:44;1594930605.6444259;portrait;0.2016143798828125;-0.7036895751953125;-0.1241607666015625;
2020-07-16 13:16:44;1594930605.683505;portrait;0.248870849609375;-0.706298828125;-0.1429290771484375;
2020-07-16 13:16:44;1594930605.721503;portrait;0.2751007080078125;-0.7365875244140625;-0.112945556640625;
2020-07-16 13:16:44;1594930605.76084;portrait;0.236907958984375;-0.79266357421875;-0.0699462890625;
2020-07-16 13:16:44;1594930605.8050349;portrait;0.240325927734375;-0.9005584716796875;-0.08544921875;
2020-07-16 13:16:44;1594930605.842877;portrait;0.28167724609375;-1.1887664794921875;-0.12921142578125;
2020-07-16 13:16:44;1594930605.8830938;portrait;0.260467529296875;-1.25555419921875;-0.1475067138671875;
2020-07-16 13:16:44;1594930605.922822;portrait;0.2442626953125;-1.4589691162109375;-0.1543731689453125;
2020-07-16 13:16:44;1594930605.9628248;portrait;0.1638946533203125;-1.309051513671875;-0.18865966796875;
2020-07-16 13:16:44;1594930605.9996672;portrait;0.131103515625;-0.903839111328125;-0.3162689208984375;
2020-07-16 13:16:44;1594930606.043273;portrait;0.0554351806640625;-0.9116668701171876;-0.26580810546875;
2020-07-16 13:16:44;1594930606.082248;portrait;0.0056610107421875;-0.9344482421875;-0.1611480712890625;
2020-07-16 13:16:44;1594930606.1208348;portrait;0.0674285888671875;-0.7858734130859375;-0.1399993896484375;
2020-07-16 13:16:44;1594930606.1627119;portrait;0.096038818359375;-0.6390838623046875;-0.18035888671875;
2020-07-16 13:16:44;1594930606.2019598;portrait;0.105804443359375;-0.6316375732421875;-0.2480316162109375;
2020-07-16 13:16:44;1594930606.243278;portrait;0.11907958984375;-0.7060394287109375;-0.242218017578125;
2020-07-16 13:16:44;1594930606.279669;portrait;0.159820556640625;-0.7154998779296875;-0.2673797607421875;
2020-07-16 13:16:44;1594930606.320208;portrait;0.16064453125;-0.86492919921875;-0.25506591796875;
2020-07-16 13:16:44;1594930606.367741;portrait;0.2520599365234375;-1.0939788818359375;-0.3159027099609375;
2020-07-16 13:16:44;1594930606.402144;portrait;0.2707061767578125;-1.1937103271484375;-0.4330291748046875;
2020-07-16 13:16:44;1594930606.442223;portrait;0.2690277099609375;-1.31573486328125;-0.43243408203125;
2020-07-16 13:16:44;1594930606.484364;portrait;0.2537994384765625;-1.2472381591796875;-0.4555816650390625;
2020-07-16 13:16:44;1594930606.5247061;portrait;0.1259307861328125;-1.2479248046875;-0.2243499755859375;
2020-07-16 13:16:44;1594930606.5649726;portrait;0.082733154296875;-1.22412109375;-0.09130859375;
2020-07-16 13:16:44;1594930606.5998502;portrait;0.08795166015625;-1.0887908935546875;-0.084197998046875;
2020-07-16 13:16:44;1594930606.6427019;portrait;0.0823974609375;-0.8603973388671875;-0.0625152587890625;
2020-07-16 13:16:44;1594930606.6813948;portrait;0.1585540771484375;-0.7757568359375;-0.10028076171875;
2020-07-16 13:16:44;1594930606.721943;portrait;0.212860107421875;-0.8171844482421875;-0.12579345703125;
2020-07-16 13:16:44;1594930606.76121;portrait;0.24432373046875;-0.8234710693359375;-0.144439697265625;
2020-07-16 13:16:44;1594930606.8026721;portrait;0.2598724365234375;-0.75384521484375;-0.13116455078125;
2020-07-16 13:16:44;1594930606.843569;portrait;0.2505340576171875;-0.737762451171875;-0.0847320556640625;
2020-07-16 13:16:44;1594930606.881505;portrait;0.2485504150390625;-0.8526611328125;-0.054901123046875;
2020-07-16 13:16:44;1594930606.923005;portrait;0.2854461669921875;-1.0925140380859375;-0.08270263671875;
2020-07-16 13:16:44;1594930606.96214;portrait;0.2946929931640625;-1.0836639404296875;-0.1582183837890625;
2020-07-16 13:16:44;1594930607.004694;portrait;0.2851715087890625;-1.142486572265625;-0.2259063720703125;
2020-07-16 13:16:44;1594930607.0419269;portrait;0.278472900390625;-1.1819610595703125;-0.258636474609375;
2020-07-16 13:16:44;1594930607.083276;portrait;0.253662109375;-1.0982666015625;-0.3060760498046875;
2020-07-16 13:16:44;1594930607.1225948;portrait;0.0917510986328125;-0.9832305908203124;-0.2498779296875;
2020-07-16 13:16:44;1594930607.162239;portrait;0.035003662109375;-0.9551239013671876;-0.213165283203125;
2020-07-16 13:16:44;1594930607.200346;portrait;0.066436767578125;-0.8908233642578125;-0.2339935302734375;
2020-07-16 13:16:44;1594930607.2426279;portrait;0.1048736572265625;-0.7571563720703125;-0.2594757080078125;
2020-07-16 13:16:44;1594930607.2799358;portrait;0.138580322265625;-0.7086181640625;-0.279998779296875;
2020-07-16 13:16:44;1594930607.320081;portrait;0.131500244140625;-0.7324371337890625;-0.2712554931640625;
2020-07-16 13:16:44;1594930607.361819;portrait;0.153564453125;-0.79693603515625;-0.2724761962890625;
2020-07-16 13:16:44;1594930607.400857;portrait;0.182708740234375;-0.855133056640625;-0.331146240234375;
2020-07-16 13:16:44;1594930607.4405382;portrait;0.21441650390625;-0.9304351806640624;-0.3686065673828125;
2020-07-16 13:16:44;1594930607.480576;portrait;0.3305511474609375;-1.2055511474609375;-0.52508544921875;
2020-07-16 13:16:44;1594930607.5203311;portrait;0.3029937744140625;-1.2648162841796875;-0.5254669189453125;
2020-07-16 13:16:44;1594930607.560467;portrait;0.2535552978515625;-1.3552093505859375;-0.466644287109375;
2020-07-16 13:16:44;1594930607.599914;portrait;0.086669921875;-1.1891021728515625;-0.285247802734375;
2020-07-16 13:16:44;1594930607.640679;portrait;-0.0489349365234375;-1.0333099365234375;-0.100738525390625;
2020-07-16 13:16:44;1594930607.6815221;portrait;0.023529052734375;-1.2096710205078125;-0.0579986572265625;
2020-07-16 13:16:44;1594930607.7184126;portrait;0.1038360595703125;-1.2081146240234375;-0.052459716796875;
2020-07-16 13:16:44;1594930607.7605572;portrait;0.2713623046875;-0.922576904296875;-0.1459808349609375;
2020-07-16 13:16:44;1594930607.7999294;portrait;0.285186767578125;-0.725738525390625;-0.2174530029296875;
2020-07-16 13:16:44;1594930607.8402722;portrait;0.25323486328125;-0.6067352294921875;-0.2203216552734375;
2020-07-16 13:16:44;1594930607.881244;portrait;0.240966796875;-0.5531463623046875;-0.1611480712890625;
2020-07-16 13:16:44;1594930607.9209142;portrait;0.29034423828125;-0.64434814453125;-0.0941925048828125;
2020-07-16 13:16:44;1594930607.962594;portrait;0.2689361572265625;-0.75830078125;-0.016815185546875;
2020-07-16 13:16:44;1594930608.000836;portrait;0.26007080078125;-0.9136810302734376;0.0054473876953125;
2020-07-16 13:16:44;1594930608.0367842;portrait;0.25714111328125;-1.167205810546875;-0.0220184326171875;
2020-07-16 13:16:44;1594930608.080533;portrait;0.26959228515625;-1.2568359375;-0.1389617919921875;
2020-07-16 13:16:44;1594930608.1211982;portrait;0.280517578125;-1.38287353515625;-0.2274017333984375;
2020-07-16 13:16:44;1594930608.160048;portrait;0.213409423828125;-1.196197509765625;-0.3233489990234375;
2020-07-16 13:16:44;1594930608.2005546;portrait;0.1792144775390625;-0.9569854736328124;-0.3844146728515625;
2020-07-16 13:16:44;1594930608.242746;portrait;0.126953125;-0.91973876953125;-0.2906951904296875;
2020-07-16 13:16:44;1594930608.277698;portrait;0.0938720703125;-0.925872802734375;-0.245361328125;
2020-07-16 13:16:44;1594930608.316369;portrait;-0.025177001953125;-0.7727813720703125;-0.163055419921875;
2020-07-16 13:16:44;1594930608.359939;portrait;0.0718841552734375;-0.68780517578125;-0.1794891357421875;
2020-07-16 13:16:44;1594930608.400001;portrait;0.1193084716796875;-0.733551025390625;-0.271209716796875;
2020-07-16 13:16:44;1594930608.4398901;portrait;0.12908935546875;-0.7837677001953125;-0.316131591796875;
2020-07-16 13:16:44;1594930608.478339;portrait;0.1856231689453125;-0.820648193359375;-0.3162841796875;
2020-07-16 13:16:44;1594930608.5193071;portrait;0.2467193603515625;-0.8699188232421875;-0.381927490234375;
2020-07-16 13:16:44;1594930608.5631711;portrait;0.2977447509765625;-1.1962127685546875;-0.483978271484375;
2020-07-16 13:16:44;1594930608.597508;portrait;0.264678955078125;-1.19842529296875;-0.5208892822265625;
2020-07-16 13:16:44;1594930608.6372712;portrait;0.22393798828125;-1.286895751953125;-0.446929931640625;
2020-07-16 13:16:44;1594930608.682595;portrait;0.16668701171875;-1.176849365234375;-0.4415435791015625;
2020-07-16 13:16:44;1594930608.72077;portrait;0.110565185546875;-1.0106201171875;-0.263336181640625;
2020-07-16 13:16:44;1594930608.759678;portrait;0.14813232421875;-1.094146728515625;-0.165740966796875;
2020-07-16 13:16:44;1594930608.799959;portrait;0.169769287109375;-1.301666259765625;-0.125;
2020-07-16 13:16:44;1594930608.8403811;portrait;0.147247314453125;-1.144927978515625;-0.1013336181640625;
2020-07-16 13:16:44;1594930608.8805716;portrait;0.1331787109375;-0.8521728515625;-0.1317596435546875;
2020-07-16 13:16:44;1594930608.917019;portrait;0.1349029541015625;-0.7057037353515625;-0.152069091796875;
2020-07-16 13:16:44;1594930608.9643412;portrait;0.24835205078125;-0.7462615966796875;-0.1752777099609375;
2020-07-16 13:16:44;1594930608.998155;portrait;0.374847412109375;-0.7376708984375;-0.1472625732421875;
2020-07-16 13:16:44;1594930609.038242;portrait;0.35540771484375;-0.715240478515625;-0.078216552734375;
2020-07-16 13:16:44;1594930609.0781221;portrait;0.38104248046875;-0.782623291015625;-0.0670166015625;
2020-07-16 13:16:44;1594930609.1212099;portrait;0.4187164306640625;-0.9719085693359376;-0.089691162109375;
2020-07-16 13:16:44;1594930609.1586828;portrait;0.400360107421875;-1.0789337158203125;-0.1236724853515625;
2020-07-16 13:16:44;1594930609.197743;portrait;0.1252593994140625;-1.1682586669921875;-0.057037353515625;
2020-07-16 13:16:44;1594930609.239533;portrait;0.1640625;-1.140411376953125;-0.160980224609375;
2020-07-16 13:16:44;1594930609.279535;portrait;0.079498291015625;-0.94158935546875;-0.2117919921875;
2020-07-16 13:16:44;1594930609.318416;portrait;-0.00811767578125;-1.1288299560546875;-0.110992431640625;
2020-07-16 13:16:44;1594930609.358632;portrait;0.084228515625;-1.2870330810546875;-0.1022186279296875;
2020-07-16 13:16:44;1594930609.397939;portrait;0.16265869140625;-1.1334075927734375;-0.17425537109375;
2020-07-16 13:16:44;1594930609.4440024;portrait;0.2095489501953125;-0.8873443603515625;-0.2730560302734375;
2020-07-16 13:16:44;1594930609.478468;portrait;0.186553955078125;-0.7057952880859375;-0.34136962890625;
2020-07-16 13:16:44;1594930609.5178561;portrait;0.1858978271484375;-0.685272216796875;-0.3367767333984375;
2020-07-16 13:16:44;1594930609.567523;portrait;0.1755828857421875;-0.7709808349609375;-0.309600830078125;
2020-07-16 13:16:44;1594930609.598227;portrait;0.1482086181640625;-0.9259033203125;-0.220489501953125;
2020-07-16 13:16:44;1594930609.637049;portrait;0.2275390625;-1.15606689453125;-0.3593597412109375;
2020-07-16 13:16:44;1594930609.677432;portrait;0.261993408203125;-1.220062255859375;-0.505523681640625;
2020-07-16 13:16:44;1594930609.721632;portrait;0.3279266357421875;-1.218292236328125;-0.4550018310546875;
2020-07-16 13:16:44;1594930609.756623;portrait;0.406646728515625;-1.1703643798828125;-0.591827392578125;
2020-07-16 13:16:44;1594930609.795708;portrait;0.0673370361328125;-1.143646240234375;-0.276275634765625;
2020-07-16 13:16:44;1594930609.838193;portrait;0.1226654052734375;-1.3535308837890625;-0.1912384033203125;
2020-07-16 13:16:44;1594930609.877012;portrait;0.15283203125;-1.5569000244140625;-0.0993499755859375;
2020-07-16 13:16:44;1594930609.9162688;portrait;0.2467041015625;-1.458892822265625;-0.1439056396484375;
2020-07-16 13:16:44;1594930609.96611;portrait;0.21990966796875;-1.1814727783203125;-0.1546783447265625;
2020-07-16 13:16:44;1594930609.9974706;portrait;0.1767578125;-0.95501708984375;-0.167938232421875;
2020-07-16 13:16:44;1594930610.036848;portrait;0.1367645263671875;-0.8850860595703125;-0.1232452392578125;
2020-07-16 13:16:44;1594930610.078167;portrait;0.2126312255859375;-0.812530517578125;-0.0672454833984375;
2020-07-16 13:16:44;1594930610.1174688;portrait;0.3154144287109375;-0.7936553955078125;-0.0301513671875;
2020-07-16 13:16:44;1594930610.157702;portrait;0.28070068359375;-0.804931640625;0.0267333984375;
2020-07-16 13:16:44;1594930610.197031;portrait;0.2772369384765625;-0.830169677734375;0.0348052978515625;
2020-07-16 13:16:44;1594930610.2445068;portrait;0.290130615234375;-0.823272705078125;-0.026153564453125;
2020-07-16 13:16:44;1594930610.277412;portrait;0.3507232666015625;-0.925689697265625;-0.161529541015625;
2020-07-16 13:16:44;1594930610.317504;portrait;0.334014892578125;-0.8939208984375;-0.2668304443359375;
2020-07-16 13:16:44;1594930610.3583539;portrait;0.283599853515625;-0.86431884765625;-0.3326263427734375;
2020-07-16 13:16:44;1594930610.398356;portrait;0.154296875;-1.0371551513671875;-0.3275299072265625;
2020-07-16 13:16:44;1594930610.437171;portrait;0.204254150390625;-1.362060546875;-0.311065673828125;
2020-07-16 13:16:44;1594930610.4741142;portrait;0.16558837890625;-1.3324737548828125;-0.3572540283203125;
2020-07-16 13:16:44;1594930610.516234;portrait;0.1623077392578125;-1.083770751953125;-0.378204345703125;
2020-07-16 13:16:44;1594930610.558531;portrait;0.18914794921875;-0.7629241943359375;-0.3912506103515625;
2020-07-16 13:16:44;1594930610.597549;portrait;0.0922698974609375;-0.7344970703125;-0.286712646484375;
2020-07-16 13:16:44;1594930610.6376162;portrait;0.02337646484375;-0.82647705078125;-0.1707763671875;
2020-07-16 13:16:44;1594930610.6780279;portrait;0.150238037109375;-1.008056640625;-0.2707061767578125;
2020-07-16 13:16:44;1594930610.7178214;portrait;0.2317047119140625;-1.0092620849609375;-0.3464508056640625;
2020-07-16 13:16:44;1594930610.762443;portrait;0.4548492431640625;-1.214324951171875;-0.5059814453125;
2020-07-16 13:16:44;1594930610.79639;portrait;0.4951629638671875;-1.1358642578125;-0.59027099609375;
2020-07-16 13:16:44;1594930610.836482;portrait;0.531036376953125;-1.2568511962890625;-0.587738037109375;
2020-07-16 13:16:44;1594930610.877458;portrait;0.3393402099609375;-1.065093994140625;-0.439422607421875;
2020-07-16 13:16:44;1594930610.9175599;portrait;0.1247100830078125;-1.107086181640625;-0.2285919189453125;
2020-07-16 13:16:44;1594930610.957833;portrait;0.14105224609375;-1.3927154541015625;-0.135955810546875;
2020-07-16 13:16:44;1594930610.996718;portrait;0.2017974853515625;-1.4014892578125;-0.1422119140625;
2020-07-16 13:16:44;1594930611.040872;portrait;0.212890625;-1.15899658203125;-0.21923828125;
2020-07-16 13:16:44;1594930611.0759866;portrait;0.146881103515625;-0.91796875;-0.26348876953125;
2020-07-16 13:16:44;1594930611.1164849;portrait;0.1193389892578125;-0.786376953125;-0.2353057861328125;
2020-07-16 13:16:44;1594930611.157603;portrait;0.1641387939453125;-0.8347625732421875;-0.162017822265625;
2020-07-16 13:16:44;1594930611.1976519;portrait;0.2052764892578125;-0.78857421875;-0.0901336669921875;
2020-07-16 13:16:44;1594930611.2372599;portrait;0.24871826171875;-0.845489501953125;-0.0430755615234375;
2020-07-16 13:16:44;1594930611.277674;portrait;0.2432403564453125;-0.9121246337890624;-0.0196990966796875;
2020-07-16 13:16:44;1594930611.316952;portrait;0.2873077392578125;-0.9443511962890624;-0.0211639404296875;
2020-07-16 13:16:44;1594930611.3605409;portrait;0.36260986328125;-0.982574462890625;-0.144256591796875;
2020-07-16 13:16:44;1594930611.39718;portrait;0.3425445556640625;-1.0257568359375;-0.19775390625;
2020-07-16 13:16:44;1594930611.440068;portrait;0.2770233154296875;-0.9382476806640624;-0.2442779541015625;
2020-07-16 13:16:44;1594930611.476347;portrait;0.2432861328125;-0.8834228515625;-0.3422088623046875;
2020-07-16 13:16:44;1594930611.5154052;portrait;0.2423858642578125;-1.2430877685546875;-0.2517852783203125;
2020-07-16 13:16:44;1594930611.557318;portrait;0.246246337890625;-1.27008056640625;-0.1444244384765625;
2020-07-16 13:16:44;1594930611.5968199;portrait;0.106231689453125;-0.99005126953125;-0.2099761962890625;
2020-07-16 13:16:44;1594930611.6367366;portrait;0.0446624755859375;-0.761322021484375;-0.3158416748046875;
2020-07-16 13:16:44;1594930611.6761386;portrait;0.1153411865234375;-0.709075927734375;-0.3386077880859375;
2020-07-16 13:16:44;1594930611.7198136;portrait;0.0853729248046875;-0.7862091064453125;-0.259857177734375;
2020-07-16 13:16:44;1594930611.756635;portrait;0.201385498046875;-0.8951568603515625;-0.241455078125;
2020-07-16 13:16:44;1594930611.796694;portrait;0.2406005859375;-1.0153961181640625;-0.3030853271484375;
2020-07-16 13:16:44;1594930611.838809;portrait;0.3116455078125;-1.317169189453125;-0.412841796875;
2020-07-16 13:16:44;1594930611.87651;portrait;0.3570556640625;-1.198516845703125;-0.4973907470703125;
2020-07-16 13:16:44;1594930611.915172;portrait;0.4560546875;-1.3485107421875;-0.6066436767578125;
2020-07-16 13:16:44;1594930611.956194;portrait;0.2957305908203125;-1.124420166015625;-0.495452880859375;
2020-07-16 13:16:44;1594930611.9960449;portrait;0.0523834228515625;-1.1617431640625;-0.254425048828125;
2020-07-16 13:16:44;1594930612.039297;portrait;0.0940093994140625;-1.4144744873046875;-0.1717987060546875;
2020-07-16 13:16:44;1594930612.075543;portrait;0.1190948486328125;-1.49322509765625;-0.092620849609375;
2020-07-16 13:16:44;1594930612.116132;portrait;0.133636474609375;-1.1439971923828125;-0.1259002685546875;
2020-07-16 13:16:44;1594930612.1534722;portrait;0.14849853515625;-0.9189605712890624;-0.188720703125;
2020-07-16 13:16:44;1594930612.193502;portrait;0.1484222412109375;-0.83990478515625;-0.203277587890625;
2020-07-16 13:16:44;1594930612.2362509;portrait;0.1707611083984375;-0.7188568115234375;-0.1508026123046875;
2020-07-16 13:16:44;1594930612.2768376;portrait;0.2425994873046875;-0.71636962890625;-0.084808349609375;
2020-07-16 13:16:44;1594930612.31571;portrait;0.246337890625;-0.714691162109375;0.02606201171875;
2020-07-16 13:16:44;1594930612.355994;portrait;0.2654876708984375;-0.85205078125;0.08599853515625;
2020-07-16 13:16:44;1594930612.3934114;portrait;0.2802734375;-0.9366912841796876;0.0704498291015625;
2020-07-16 13:16:44;1594930612.432689;portrait;0.3427734375;-1.0184173583984375;-0.0384521484375;
2020-07-16 13:16:44;1594930612.4723;portrait;0.3730316162109375;-1.064971923828125;-0.241180419921875;
2020-07-16 13:16:44;1594930612.5125039;portrait;0.347991943359375;-0.980926513671875;-0.31182861328125;
2020-07-16 13:16:44;1594930612.5561352;portrait;0.298187255859375;-1.011749267578125;-0.3599700927734375;
2020-07-16 13:16:44;1594930612.5956988;portrait;0.1630859375;-1.3385162353515625;-0.2255706787109375;
2020-07-16 13:16:44;1594930612.6347759;portrait;0.086456298828125;-1.3737335205078125;-0.19720458984375;
2020-07-16 13:16:44;1594930612.6747024;portrait;-0.036346435546875;-1.0267486572265625;-0.282958984375;
2020-07-16 13:16:44;1594930612.71565;portrait;0.04595947265625;-0.75811767578125;-0.3444061279296875;
2020-07-16 13:16:44;1594930612.754926;portrait;0.1006317138671875;-0.69677734375;-0.336334228515625;
2020-07-16 13:16:44;1594930612.795372;portrait;0.144439697265625;-0.743377685546875;-0.25390625;
2020-07-16 13:16:44;1594930612.83427;portrait;0.2993316650390625;-0.9011077880859376;-0.2849273681640625;
2020-07-16 13:16:44;1594930612.873986;portrait;0.3651123046875;-1.1497650146484375;-0.3147430419921875;
2020-07-16 13:16:44;1594930612.9119039;portrait;0.4763336181640625;-1.26849365234375;-0.498291015625;
2020-07-16 13:16:44;1594930612.9546206;portrait;0.475128173828125;-1.3137969970703125;-0.6005706787109375;
2020-07-16 13:16:44;1594930612.995058;portrait;0.440277099609375;-1.2496337890625;-0.593841552734375;
2020-07-16 13:16:44;1594930613.034851;portrait;0.1925811767578125;-0.9987945556640624;-0.393402099609375;
2020-07-16 13:16:44;1594930613.074181;portrait;0.0132598876953125;-1.0615081787109375;-0.1827850341796875;
2020-07-16 13:16:44;1594930613.113573;portrait;0.1475677490234375;-1.6065216064453125;-0.138214111328125;
2020-07-16 13:16:44;1594930613.151541;portrait;0.2042388916015625;-1.6761627197265625;-0.047149658203125;
2020-07-16 13:16:44;1594930613.1950722;portrait;0.17462158203125;-1.127288818359375;-0.125518798828125;
2020-07-16 13:16:44;1594930613.234534;portrait;0.129974365234375;-0.90179443359375;-0.19573974609375;
2020-07-16 13:16:44;1594930613.2751482;portrait;0.0639190673828125;-0.8007049560546875;-0.1613006591796875;
2020-07-16 13:16:44;1594930613.314546;portrait;0.1600799560546875;-0.6799468994140625;-0.109954833984375;
2020-07-16 13:16:44;1594930613.354443;portrait;0.3222198486328125;-0.6396331787109375;-0.0745391845703125;
2020-07-16 13:16:44;1594930613.392075;portrait;0.3639678955078125;-0.666900634765625;-0.01373291015625;
2020-07-16 13:16:44;1594930613.434895;portrait;0.3214874267578125;-0.7150421142578125;0.0004119873046875;
2020-07-16 13:16:44;1594930613.473757;portrait;0.3519744873046875;-0.7916107177734375;-0.0975341796875;
2020-07-16 13:16:44;1594930613.513015;portrait;0.373992919921875;-1.01568603515625;-0.17266845703125;
2020-07-16 13:16:44;1594930613.5538669;portrait;0.3274688720703125;-1.1280059814453125;-0.2322998046875;
2020-07-16 13:16:44;1594930613.593078;portrait;0.25970458984375;-0.84674072265625;-0.5472259521484375;
2020-07-16 13:16:44;1594930613.634582;portrait;0.116302490234375;-0.9824676513671876;-0.4024505615234375;
2020-07-16 13:16:44;1594930613.6717222;portrait;0.24798583984375;-1.229644775390625;-0.1851959228515625;
2020-07-16 13:16:44;1594930613.71714;portrait;0.0341796875;-1.1346893310546875;-0.2718048095703125;
2020-07-16 13:16:44;1594930613.753706;portrait;-0.0958404541015625;-0.968658447265625;-0.3674774169921875;
2020-07-16 13:16:44;1594930613.794015;portrait;0.116546630859375;-0.8321685791015625;-0.6345977783203125;
2020-07-16 13:16:44;1594930613.8313642;portrait;-0.00738525390625;-0.771087646484375;-0.5959625244140625;
2020-07-16 13:16:44;1594930613.8729072;portrait;0.1321868896484375;-0.7073516845703125;-0.6155853271484375;
2020-07-16 13:16:44;1594930613.913244;portrait;0.4024200439453125;-0.8310089111328125;-0.573699951171875;
2020-07-16 13:16:44;1594930613.9528134;portrait;0.5662689208984375;-0.967437744140625;-0.5313873291015625;
2020-07-16 13:16:44;1594930613.992991;portrait;0.55474853515625;-0.9965362548828124;-0.4197845458984375;
2020-07-16 13:16:44;1594930614.030345;portrait;0.4344482421875;-1.371185302734375;-0.3057098388671875;
2020-07-16 13:16:44;1594930614.074359;portrait;0.111297607421875;-1.1814117431640625;-0.1960906982421875;
2020-07-16 13:16:44;1594930614.115953;portrait;0.1356658935546875;-1.217376708984375;-0.1603240966796875;
2020-07-16 13:16:44;1594930614.153691;portrait;0.26580810546875;-1.36651611328125;-0.0840911865234375;
2020-07-16 13:16:44;1594930614.191015;portrait;0.631683349609375;-1.3754119873046875;-0.042510986328125;
2020-07-16 13:16:44;1594930614.23344;portrait;0.553955078125;-0.9717254638671876;0.0454254150390625;
2020-07-16 13:16:44;1594930614.273412;portrait;0.376861572265625;-0.76568603515625;0.09832763671875;
2020-07-16 13:16:44;1594930614.312941;portrait;0.1987457275390625;-0.744659423828125;0.137847900390625;
2020-07-16 13:16:44;1594930614.353368;portrait;0.250579833984375;-0.8542022705078125;0.1371612548828125;
2020-07-16 13:16:44;1594930614.393108;portrait;0.298553466796875;-0.84930419921875;0.1318817138671875;
2020-07-16 13:16:44;1594930614.430512;portrait;0.302886962890625;-0.878631591796875;0.156158447265625;
2020-07-16 13:16:44;1594930614.472742;portrait;0.2976837158203125;-1.1558990478515625;0.1197967529296875;
2020-07-16 13:16:44;1594930614.5134668;portrait;0.2990875244140625;-1.1636962890625;0.0461578369140625;
2020-07-16 13:16:44;1594930614.552942;portrait;0.3881683349609375;-1.0327606201171875;-0.1348724365234375;
2020-07-16 13:16:44;1594930614.5926142;portrait;0.4185943603515625;-0.950531005859375;-0.33331298828125;
2020-07-16 13:16:44;1594930614.633237;portrait;0.3166961669921875;-0.7828369140625;-0.4669189453125;
2020-07-16 13:16:44;1594930614.67398;portrait;0.1937408447265625;-0.752960205078125;-0.37677001953125;
2020-07-16 13:16:44;1594930614.7135868;portrait;0.22064208984375;-1.125152587890625;-0.261749267578125;
2020-07-16 13:16:44;1594930614.7512288;portrait;-0.0142822265625;-1.37225341796875;-0.170440673828125;
2020-07-16 13:16:44;1594930614.78997;portrait;-0.1425933837890625;-1.1104583740234375;-0.2980194091796875;
2020-07-16 13:16:44;1594930614.832851;portrait;-0.236053466796875;-0.7305450439453125;-0.3532562255859375;
2020-07-16 13:16:44;1594930614.870932;portrait;-0.0785980224609375;-0.631622314453125;-0.382781982421875;
2020-07-16 13:16:44;1594930614.9117038;portrait;-0.0535430908203125;-0.635894775390625;-0.313629150390625;
2020-07-16 13:16:44;1594930614.952064;portrait;0.102691650390625;-0.7313995361328125;-0.3413543701171875;
2020-07-16 13:16:44;1594930614.992262;portrait;0.239227294921875;-0.87274169921875;-0.399932861328125;
2020-07-16 13:16:44;1594930615.028334;portrait;0.2891693115234375;-1.12109375;-0.426116943359375;
2020-07-16 13:16:44;1594930615.071964;portrait;0.2685699462890625;-1.09881591796875;-0.38299560546875;
2020-07-16 13:16:44;1594930615.1147802;portrait;0.3079681396484375;-1.2204437255859375;-0.30328369140625;
2020-07-16 13:16:44;1594930615.1503649;portrait;0.3734130859375;-1.26287841796875;-0.4152069091796875;
2020-07-16 13:16:44;1594930615.189997;portrait;0.32916259765625;-1.13043212890625;-0.2951202392578125;
2020-07-16 13:16:44;1594930615.2321649;portrait;0.3145751953125;-1.118865966796875;-0.1745452880859375;
2020-07-16 13:16:44;1594930615.273006;portrait;0.3790283203125;-1.264404296875;-0.1705780029296875;
2020-07-16 13:16:44;1594930615.31114;portrait;0.335845947265625;-1.0644378662109375;-0.135955810546875;
2020-07-16 13:16:44;1594930615.3506851;portrait;0.2742156982421875;-0.7825775146484375;-0.1496734619140625;
2020-07-16 13:16:44;1594930615.389662;portrait;0.24859619140625;-0.688720703125;-0.166473388671875;
2020-07-16 13:16:44;1594930615.432616;portrait;0.2318267822265625;-0.63397216796875;-0.1433868408203125;
2020-07-16 13:16:44;1594930615.471247;portrait;0.2713623046875;-0.706939697265625;-0.1227569580078125;
2020-07-16 13:16:44;1594930615.5118706;portrait;0.2869415283203125;-0.88275146484375;-0.091552734375;
2020-07-16 13:16:44;1594930615.5497391;portrait;0.2851409912109375;-1.1508026123046875;-0.0821075439453125;
2020-07-16 13:16:44;1594930615.589888;portrait;0.211944580078125;-1.293853759765625;0.004119873046875;
2020-07-16 13:16:44;1594930615.631885;portrait;0.1080322265625;-1.1487884521484375;-0.0651092529296875;
2020-07-16 13:16:44;1594930615.670028;portrait;0.167144775390625;-1.0041351318359375;-0.3052520751953125;
2020-07-16 13:16:44;1594930615.709989;portrait;0.1607513427734375;-0.8470611572265625;-0.41387939453125;
2020-07-16 13:16:44;1594930615.751219;portrait;0.1562347412109375;-1.0089111328125;-0.3619537353515625;
2020-07-16 13:16:44;1594930615.7918591;portrait;0.1825103759765625;-1.1487274169921875;-0.2896881103515625;
2020-07-16 13:16:44;1594930615.8324618;portrait;0.0167694091796875;-0.9488067626953124;-0.281341552734375;
2020-07-16 13:16:44;1594930615.869481;portrait;-0.1079559326171875;-0.7632904052734375;-0.3308258056640625;
2020-07-16 13:16:44;1594930615.9077961;portrait;-0.030059814453125;-0.744140625;-0.361297607421875;
2020-07-16 13:16:44;1594930615.951169;portrait;-0.033966064453125;-0.758026123046875;-0.3233489990234375;
2020-07-16 13:16:44;1594930615.990452;portrait;0.06561279296875;-0.8509674072265625;-0.3162689208984375;
2020-07-16 13:16:44;1594930616.030165;portrait;0.213409423828125;-0.9150390625;-0.3777008056640625;
2020-07-16 13:16:44;1594930616.0700462;portrait;0.2957763671875;-1.1295623779296875;-0.47576904296875;
2020-07-16 13:16:44;1594930616.109797;portrait;0.273345947265625;-1.06787109375;-0.5272369384765625;
2020-07-16 13:16:44;1594930616.149884;portrait;0.270599365234375;-1.356109619140625;-0.4811553955078125;
2020-07-16 13:16:44;1594930616.1934428;portrait;0.229766845703125;-1.156341552734375;-0.4460601806640625;
2020-07-16 13:16:44;1594930616.231147;portrait;0.2006988525390625;-1.1557769775390625;-0.2791900634765625;
2020-07-16 13:16:44;1594930616.2742288;portrait;0.1978912353515625;-1.375244140625;-0.2270660400390625;
2020-07-16 13:16:44;1594930616.3107312;portrait;0.2176513671875;-1.378662109375;-0.153839111328125;
2020-07-16 13:16:44;1594930616.342618;portrait;0.12579345703125;-1.0517120361328125;-0.1052093505859375;
2020-07-16 13:16:44;1594930616.39135;portrait;0.08587646484375;-0.8180389404296875;-0.1188507080078125;
2020-07-16 13:16:44;1594930616.4310598;portrait;0.11968994140625;-0.785614013671875;-0.1407470703125;
2020-07-16 13:16:44;1594930616.471138;portrait;0.1656951904296875;-0.7889251708984375;-0.093505859375;
2020-07-16 13:16:44;1594930616.511059;portrait;0.250823974609375;-0.8402099609375;-0.0127716064453125;
2020-07-16 13:16:44;1594930616.547957;portrait;0.2647705078125;-0.922943115234375;0.05340576171875;
2020-07-16 13:16:44;1594930616.591763;portrait;0.2349395751953125;-1.081390380859375;0.05706787109375;
2020-07-16 13:16:44;1594930616.629472;portrait;0.2161407470703125;-1.0619964599609375;-0.02978515625;
2020-07-16 13:16:44;1594930616.6705544;portrait;0.28216552734375;-1.2153778076171875;-0.1866607666015625;
2020-07-16 13:16:44;1594930616.710927;portrait;0.20806884765625;-1.10150146484375;-0.2592926025390625;
2020-07-16 13:16:44;1594930616.750221;portrait;0.1611785888671875;-0.87261962890625;-0.3632354736328125;
2020-07-16 13:16:44;1594930616.787064;portrait;0.1610565185546875;-0.900848388671875;-0.4151763916015625;
2020-07-16 13:16:44;1594930616.831365;portrait;-0.0428924560546875;-0.8654937744140625;-0.2550201416015625;
2020-07-16 13:16:44;1594930616.870239;portrait;-0.031097412109375;-0.9042816162109376;-0.1434783935546875;
2020-07-16 13:16:44;1594930616.9095669;portrait;0.019775390625;-0.893585205078125;-0.211883544921875;
2020-07-16 13:16:44;1594930616.945983;portrait;0.0806884765625;-0.950347900390625;-0.3012237548828125;
2020-07-16 13:16:44;1594930616.989666;portrait;0.0832366943359375;-0.8809661865234375;-0.3105316162109375;
2020-07-16 13:16:44;1594930617.031064;portrait;0.1666717529296875;-0.9700164794921876;-0.3565216064453125;
2020-07-16 13:16:44;1594930617.0693529;portrait;0.147491455078125;-0.92437744140625;-0.361480712890625;
2020-07-16 13:16:44;1594930617.110671;portrait;0.1809234619140625;-1.1819915771484375;-0.403594970703125;
2020-07-16 13:16:44;1594930617.147651;portrait;0.1523284912109375;-1.21435546875;-0.406158447265625;
2020-07-16 13:16:44;1594930617.1885262;portrait;0.195770263671875;-1.3133544921875;-0.4501495361328125;
2020-07-16 13:16:44;1594930617.229348;portrait;0.210357666015625;-1.214813232421875;-0.5402984619140625;
2020-07-16 13:16:44;1594930617.271525;portrait;0.1774444580078125;-1.065216064453125;-0.426849365234375;
2020-07-16 13:16:44;1594930617.3097038;portrait;0.1403961181640625;-1.0763092041015625;-0.3084564208984375;
2020-07-16 13:16:44;1594930617.3472831;portrait;0.141937255859375;-1.23138427734375;-0.2247467041015625;
2020-07-16 13:16:44;1594930617.392504;portrait;0.1117095947265625;-1.1310882568359375;-0.1438751220703125;
2020-07-16 13:16:44;1594930617.4297302;portrait;0.088287353515625;-0.906463623046875;-0.119384765625;
2020-07-16 13:16:44;1594930617.4717796;portrait;0.1153564453125;-0.7781982421875;-0.13336181640625;
2020-07-16 13:16:44;1594930617.5083392;portrait;0.1488189697265625;-0.7659912109375;-0.1317901611328125;
2020-07-16 13:16:44;1594930617.5497448;portrait;0.2104339599609375;-0.7379608154296875;-0.1229095458984375;
2020-07-16 13:16:44;1594930617.592133;portrait;0.2634735107421875;-0.78338623046875;-0.1008148193359375;
2020-07-16 13:16:44;1594930617.630296;portrait;0.2713165283203125;-0.9237213134765624;-0.04974365234375;
2020-07-16 13:16:44;1594930617.667798;portrait;0.27459716796875;-1.1605072021484375;-0.0250091552734375;
2020-07-16 13:16:44;1594930617.709321;portrait;0.292205810546875;-1.078277587890625;-0.164703369140625;
2020-07-16 13:16:44;1594930617.747369;portrait;0.304229736328125;-1.2567596435546875;-0.2466278076171875;
2020-07-16 13:16:44;1594930617.787479;portrait;0.136444091796875;-1.1052093505859375;-0.1929779052734375;
2020-07-16 13:16:44;1594930617.832598;portrait;0.023529052734375;-0.93743896484375;-0.18780517578125;
2020-07-16 13:16:44;1594930617.8680801;portrait;0.002197265625;-0.9795989990234376;-0.168670654296875;
2020-07-16 13:16:44;1594930617.9061038;portrait;-0.0702362060546875;-0.9460296630859376;-0.0970458984375;
2020-07-16 13:16:44;1594930617.9496481;portrait;0.0092315673828125;-0.870452880859375;-0.129180908203125;
2020-07-16 13:16:44;1594930617.990051;portrait;0.0524444580078125;-0.7839202880859375;-0.16815185546875;
2020-07-16 13:16:44;1594930618.033942;portrait;0.0744476318359375;-0.775390625;-0.1706085205078125;
2020-07-16 13:16:44;1594930618.068358;portrait;0.152191162109375;-0.873809814453125;-0.2173004150390625;
2020-07-16 13:16:44;1594930618.1093562;portrait;0.191131591796875;-0.965667724609375;-0.28521728515625;
2020-07-16 13:16:44;1594930618.14852;portrait;0.2345428466796875;-1.009033203125;-0.3563995361328125;
2020-07-16 13:16:44;1594930618.18834;portrait;0.2820281982421875;-1.1579742431640625;-0.4677581787109375;
2020-07-16 13:16:44;1594930618.228459;portrait;0.28741455078125;-1.197021484375;-0.58203125;
2020-07-16 13:16:44;1594930618.266924;portrait;0.22857666015625;-1.3053436279296875;-0.5074310302734375;
2020-07-16 13:16:44;1594930618.3074386;portrait;0.1822357177734375;-1.280517578125;-0.4755096435546875;
2020-07-16 13:16:44;1594930618.349442;portrait;0.0984344482421875;-1.0768890380859375;-0.35302734375;
2020-07-16 13:16:44;1594930618.3893;portrait;0.0732421875;-1.014923095703125;-0.2353668212890625;
2020-07-16 13:16:44;1594930618.427433;portrait;0.179901123046875;-1.16326904296875;-0.2321014404296875;
2020-07-16 13:16:44;1594930618.4671922;portrait;0.2405242919921875;-1.2245330810546875;-0.208831787109375;
2020-07-16 13:16:44;1594930618.5051892;portrait;0.1553192138671875;-0.953155517578125;-0.1663360595703125;
2020-07-16 13:16:44;1594930618.548054;portrait;0.172119140625;-0.839080810546875;-0.2037200927734375;
2020-07-16 13:16:44;1594930618.5884562;portrait;0.155670166015625;-0.8270111083984375;-0.18927001953125;
2020-07-16 13:16:44;1594930618.627439;portrait;0.2053070068359375;-0.8390350341796875;-0.1331787109375;
2020-07-16 13:16:44;1594930618.668419;portrait;0.2664031982421875;-0.90447998046875;-0.0577545166015625;
2020-07-16 13:16:44;1594930618.707193;portrait;0.2978668212890625;-1.0262451171875;-0.000701904296875;
2020-07-16 13:16:44;1594930618.7477686;portrait;0.275726318359375;-1.230377197265625;0.03814697265625;
2020-07-16 13:16:44;1594930618.787601;portrait;0.1336669921875;-1.22125244140625;0.0453338623046875;
2020-07-16 13:16:44;1594930618.832633;portrait;0.049102783203125;-1.1436767578125;-0.05950927734375;
2020-07-16 13:16:44;1594930618.868391;portrait;0.11224365234375;-0.968902587890625;-0.21661376953125;
2020-07-16 13:16:44;1594930618.906863;portrait;0.036529541015625;-0.764129638671875;-0.23834228515625;
2020-07-16 13:16:44;1594930618.9467158;portrait;0.035858154296875;-0.9510955810546876;-0.1666717529296875;
2020-07-16 13:16:44;1594930618.986367;portrait;0.1402587890625;-1.1270294189453125;-0.1344146728515625;
2020-07-16 13:16:44;1594930619.031787;portrait;0.135711669921875;-1.0359039306640625;-0.164764404296875;
2020-07-16 13:16:44;1594930619.0661678;portrait;0.0970458984375;-0.9015350341796876;-0.2330322265625;
2020-07-16 13:16:44;1594930619.106552;portrait;0.0600738525390625;-0.7888336181640625;-0.2819671630859375;
2020-07-16 13:16:44;1594930619.147441;portrait;0.06964111328125;-0.780303955078125;-0.2935791015625;
2020-07-16 13:16:44;1594930619.194666;portrait;0.0311431884765625;-0.879852294921875;-0.2535858154296875;
2020-07-16 13:16:44;1594930619.227363;portrait;0.122955322265625;-0.9484710693359376;-0.3215789794921875;
2020-07-16 13:16:44;1594930619.2671368;portrait;0.215118408203125;-1.0933837890625;-0.43719482421875;
2020-07-16 13:16:44;1594930619.307277;portrait;0.3032073974609375;-1.2610931396484375;-0.5874786376953125;
2020-07-16 13:16:44;1594930619.3467839;portrait;0.230621337890625;-1.1114959716796875;-0.5806427001953125;
2020-07-16 13:16:44;1594930619.389882;portrait;0.189697265625;-1.1741180419921875;-0.595703125;
2020-07-16 13:16:44;1594930619.427448;portrait;0.1490936279296875;-1.0688934326171875;-0.5207366943359375;
2020-07-16 13:16:44;1594930619.4662306;portrait;0.18597412109375;-1.28424072265625;-0.2954559326171875;
2020-07-16 13:16:44;1594930619.506184;portrait;0.2170257568359375;-1.3788299560546875;-0.21929931640625;
2020-07-16 13:16:44;1594930619.5455706;portrait;0.2261962890625;-1.285675048828125;-0.188262939453125;
2020-07-16 13:16:44;1594930619.5870779;portrait;0.1593475341796875;-0.987152099609375;-0.2031707763671875;
2020-07-16 13:16:44;1594930619.628193;portrait;0.147125244140625;-0.823516845703125;-0.240631103515625;
2020-07-16 13:16:44;1594930619.661829;portrait;0.1539459228515625;-0.8231353759765625;-0.216552734375;
2020-07-16 13:16:44;1594930619.7019699;portrait;0.2157745361328125;-0.7992401123046875;-0.158721923828125;
2020-07-16 13:16:44;1594930619.7426481;portrait;0.2714691162109375;-0.8339080810546875;-0.08233642578125;
2020-07-16 13:16:44;1594930619.783299;portrait;0.2743377685546875;-0.843017578125;-0.0349578857421875;
2020-07-16 13:16:44;1594930619.8234382;portrait;0.276641845703125;-1.1596221923828125;-0.008087158203125;
2020-07-16 13:16:44;1594930619.8645182;portrait;0.152923583984375;-1.338287353515625;0.0669708251953125;
2020-07-16 13:16:44;1594930619.904527;portrait;0.1183624267578125;-1.25244140625;0.02838134765625;
2020-07-16 13:16:44;1594930619.9442284;portrait;0.15032958984375;-1.1272735595703125;-0.1619415283203125;
2020-07-16 13:16:44;1594930619.985311;portrait;0.06793212890625;-0.9352569580078124;-0.310089111328125;
2020-07-16 13:16:44;1594930620.0226939;portrait;0.132049560546875;-0.960845947265625;-0.3479766845703125;
2020-07-16 13:16:44;1594930620.063621;portrait;0.1037445068359375;-0.9957733154296876;-0.1429290771484375;
2020-07-16 13:16:44;1594930620.102816;portrait;-0.006805419921875;-0.97418212890625;-0.1165771484375;
2020-07-16 13:16:44;1594930620.144267;portrait;-0.0822601318359375;-0.834564208984375;-0.210784912109375;
2020-07-16 13:16:44;1594930620.185856;portrait;-0.053253173828125;-0.7330322265625;-0.2511749267578125;
2020-07-16 13:16:44;1594930620.227268;portrait;0.0720062255859375;-0.7615203857421875;-0.2909393310546875;
2020-07-16 13:16:44;1594930620.267105;portrait;0.061553955078125;-0.875762939453125;-0.3096466064453125;
2020-07-16 13:16:44;1594930620.303563;portrait;0.149688720703125;-0.9327545166015624;-0.3213653564453125;
2020-07-16 13:16:44;1594930620.347126;portrait;0.2210235595703125;-1.025238037109375;-0.38433837890625;
2020-07-16 13:16:44;1594930620.3896642;portrait;0.2560577392578125;-1.224273681640625;-0.4791412353515625;
2020-07-16 13:16:44;1594930620.425803;portrait;0.244873046875;-1.125701904296875;-0.5364990234375;
2020-07-16 13:16:44;1594930620.465756;portrait;0.251800537109375;-1.2849273681640625;-0.5072479248046875;
2020-07-16 13:16:44;1594930620.505086;portrait;0.1808624267578125;-1.2199859619140625;-0.441314697265625;
2020-07-16 13:16:44;1594930620.546032;portrait;0.1142730712890625;-0.970947265625;-0.34014892578125;
2020-07-16 13:16:44;1594930620.5858688;portrait;0.13140869140625;-1.141998291015625;-0.22918701171875;
2020-07-16 13:16:44;1594930620.627236;portrait;0.1853485107421875;-1.3339691162109375;-0.2202606201171875;
2020-07-16 13:16:44;1594930620.667756;portrait;0.1734619140625;-1.1962890625;-0.1683197021484375;
2020-07-16 13:16:44;1594930620.706218;portrait;0.137725830078125;-0.885589599609375;-0.20526123046875;
2020-07-16 13:16:44;1594930620.744384;portrait;0.1212310791015625;-0.7621917724609375;-0.205657958984375;
2020-07-16 13:16:44;1594930620.781672;portrait;0.1497650146484375;-0.723419189453125;-0.1748199462890625;
2020-07-16 13:16:44;1594930620.821532;portrait;0.2461395263671875;-0.72467041015625;-0.1595611572265625;
2020-07-16 13:16:44;1594930620.863166;portrait;0.2774658203125;-0.7688446044921875;-0.097137451171875;
2020-07-16 13:16:44;1594930620.902573;portrait;0.241912841796875;-0.8244781494140625;-0.044525146484375;
2020-07-16 13:16:44;1594930620.9423716;portrait;0.227783203125;-1.0907745361328125;-0.0311431884765625;
2020-07-16 13:16:44;1594930620.985858;portrait;0.2136688232421875;-1.133026123046875;-0.021148681640625;
2020-07-16 13:16:44;1594930621.024119;portrait;0.2252197265625;-1.1083526611328125;-0.1271209716796875;
2020-07-16 13:16:44;1594930621.0651;portrait;0.2537841796875;-1.1194000244140625;-0.2148895263671875;
2020-07-16 13:16:44;1594930621.1042519;portrait;0.322601318359375;-0.9632415771484376;-0.4422760009765625;
2020-07-16 13:16:44;1594930621.1463401;portrait;0.2787933349609375;-0.810028076171875;-0.501129150390625;
2020-07-16 13:16:44;1594930621.185001;portrait;0.1135711669921875;-0.975677490234375;-0.257659912109375;
2020-07-16 13:16:44;1594930621.223785;portrait;0.0455474853515625;-1.1887359619140625;-0.145111083984375;
2020-07-16 13:16:44;1594930621.2669802;portrait;-0.0795440673828125;-1.057952880859375;-0.2548065185546875;
2020-07-16 13:16:44;1594930621.3054712;portrait;-0.037841796875;-0.7624969482421875;-0.351409912109375;
2020-07-16 13:16:44;1594930621.345916;portrait;0.036224365234375;-0.6125335693359375;-0.3548431396484375;
2020-07-16 13:16:44;1594930621.384159;portrait;0.0871429443359375;-0.7184600830078125;-0.34619140625;
2020-07-16 13:16:44;1594930621.423799;portrait;0.1408843994140625;-0.7842254638671875;-0.3086090087890625;
2020-07-16 13:16:44;1594930621.465036;portrait;0.287994384765625;-0.9310150146484376;-0.3185577392578125;
2020-07-16 13:16:44;1594930621.50212;portrait;0.349578857421875;-1.209259033203125;-0.3820953369140625;
2020-07-16 13:16:44;1594930621.544015;portrait;0.2822265625;-1.161407470703125;-0.4486083984375;
2020-07-16 13:16:44;1594930621.584162;portrait;0.2619171142578125;-1.3556060791015625;-0.42657470703125;
2020-07-16 13:16:44;1594930621.6247098;portrait;0.2840118408203125;-1.21734619140625;-0.480316162109375;
2020-07-16 13:16:44;1594930621.664212;portrait;0.2310333251953125;-1.02191162109375;-0.3430938720703125;
2020-07-16 13:16:44;1594930621.702101;portrait;0.1825714111328125;-1.0612030029296875;-0.1910858154296875;
2020-07-16 13:16:44;1594930621.743446;portrait;0.2442474365234375;-1.2894287109375;-0.159881591796875;
2020-07-16 13:16:44;1594930621.783572;portrait;0.2283935546875;-1.258514404296875;-0.118316650390625;
2020-07-16 13:16:44;1594930621.8238971;portrait;0.20550537109375;-1.011138916015625;-0.132049560546875;
2020-07-16 13:16:44;1594930621.864505;portrait;0.150421142578125;-0.9225006103515624;-0.16156005859375;
2020-07-16 13:16:44;1594930621.903415;portrait;0.1224365234375;-0.877593994140625;-0.1244659423828125;
2020-07-16 13:16:44;1594930621.944865;portrait;0.1853485107421875;-0.83599853515625;-0.078460693359375;
2020-07-16 13:16:44;1594930621.985303;portrait;0.23199462890625;-0.7682037353515625;-0.0599822998046875;
2020-07-16 13:16:44;1594930622.024395;portrait;0.2509307861328125;-0.867462158203125;-0.0363616943359375;
2020-07-16 13:16:44;1594930622.062166;portrait;0.272857666015625;-1.058868408203125;-0.05224609375;
2020-07-16 13:16:44;1594930622.10254;portrait;0.293975830078125;-1.0139923095703125;-0.12567138671875;
2020-07-16 13:16:44;1594930622.144057;portrait;0.33984375;-1.016448974609375;-0.272216796875;
2020-07-16 13:16:44;1594930622.183836;portrait;0.2966461181640625;-0.9261932373046876;-0.3264312744140625;
2020-07-16 13:16:44;1594930622.223692;portrait;0.2388916015625;-0.67083740234375;-0.3555145263671875;
2020-07-16 13:16:44;1594930622.2665026;portrait;0.0941619873046875;-0.781280517578125;-0.316925048828125;
2020-07-16 13:16:44;1594930622.300421;portrait;0.1046295166015625;-1.11492919921875;-0.31402587890625;
2020-07-16 13:16:44;1594930622.3438609;portrait;0.081634521484375;-1.110504150390625;-0.314117431640625;
2020-07-16 13:16:44;1594930622.384005;portrait;0.07708740234375;-0.9560699462890624;-0.4129180908203125;
2020-07-16 13:16:44;1594930622.424341;portrait;0.0604705810546875;-0.729339599609375;-0.3656768798828125;
2020-07-16 13:16:44;1594930622.463845;portrait;0.0658111572265625;-0.7322845458984375;-0.3619842529296875;
2020-07-16 13:16:44;1594930622.503571;portrait;0.064178466796875;-0.8257904052734375;-0.368682861328125;
2020-07-16 13:16:44;1594930622.543556;portrait;0.1508331298828125;-0.8791351318359375;-0.3300628662109375;
2020-07-16 13:16:44;1594930622.5804694;portrait;0.253936767578125;-1.1609649658203125;-0.3723907470703125;
2020-07-16 13:16:44;1594930622.622652;portrait;0.2951202392578125;-1.166595458984375;-0.4799041748046875;
2020-07-16 13:16:44;1594930622.6608589;portrait;0.26507568359375;-1.1107940673828125;-0.519683837890625;
2020-07-16 13:16:44;1594930622.702512;portrait;0.21307373046875;-1.2151031494140625;-0.5095672607421875;
2020-07-16 13:16:44;1594930622.743722;portrait;0.1650238037109375;-1.257171630859375;-0.3329620361328125;
2020-07-16 13:16:44;1594930622.781904;portrait;0.15618896484375;-1.2439422607421875;-0.192901611328125;
2020-07-16 13:16:44;1594930622.823358;portrait;0.2070465087890625;-1.2268524169921875;-0.2025299072265625;
2020-07-16 13:16:44;1594930622.8604732;portrait;0.2427978515625;-1.1403350830078125;-0.2056121826171875;
2020-07-16 13:16:44;1594930622.90313;portrait;0.23797607421875;-0.914642333984375;-0.2191162109375;
2020-07-16 13:16:44;1594930622.942131;portrait;0.1901702880859375;-0.78656005859375;-0.201995849609375;
2020-07-16 13:16:44;1594930622.9820788;portrait;0.1627197265625;-0.7586669921875;-0.1578369140625;
2020-07-16 13:16:44;1594930623.018229;portrait;0.16217041015625;-0.818359375;-0.069183349609375;
2020-07-16 13:16:44;1594930623.0635672;portrait;0.1748504638671875;-0.892242431640625;-0.00872802734375;
2020-07-16 13:16:44;1594930623.103949;portrait;0.177886962890625;-1.0222930908203125;0.037109375;
2020-07-16 13:16:44;1594930623.144535;portrait;0.226837158203125;-1.2053375244140625;0.056793212890625;
2020-07-16 13:16:44;1594930623.182399;portrait;0.3024444580078125;-1.2108306884765625;-0.013641357421875;
2020-07-16 13:16:44;1594930623.2220402;portrait;0.3519744873046875;-1.1354827880859375;-0.1600494384765625;
2020-07-16 13:16:44;1594930623.261265;portrait;0.3126068115234375;-0.896697998046875;-0.330169677734375;
2020-07-16 13:16:44;1594930623.30179;portrait;0.2245330810546875;-0.6900177001953125;-0.4272613525390625;
2020-07-16 13:16:44;1594930623.342401;portrait;0.2984466552734375;-0.8927459716796875;-0.4158782958984375;
2020-07-16 13:16:44;1594930623.382626;portrait;0.270172119140625;-0.91461181640625;-0.2351531982421875;
2020-07-16 13:16:44;1594930623.424103;portrait;0.0074615478515625;-0.8603973388671875;-0.1412200927734375;
2020-07-16 13:16:44;1594930623.461997;portrait;-0.090301513671875;-0.807403564453125;-0.1899871826171875;
2020-07-16 13:16:44;1594930623.502173;portrait;-0.0286865234375;-0.805572509765625;-0.2926788330078125;
2020-07-16 13:16:44;1594930623.5422812;portrait;0.0099639892578125;-0.8083953857421875;-0.3115386962890625;
2020-07-16 13:16:44;1594930623.586166;portrait;0.067047119140625;-0.835784912109375;-0.3310546875;
2020-07-16 13:16:44;1594930623.624752;portrait;0.1435546875;-0.916259765625;-0.3497772216796875;
2020-07-16 13:16:44;1594930623.659843;portrait;0.2671051025390625;-1.238128662109375;-0.4258880615234375;
2020-07-16 13:16:44;1594930623.701669;portrait;0.2330169677734375;-1.2230072021484375;-0.5019378662109375;
2020-07-16 13:16:44;1594930623.743099;portrait;0.1500396728515625;-1.275970458984375;-0.327178955078125;
2020-07-16 13:16:44;1594930623.782816;portrait;0.220733642578125;-1.152252197265625;-0.50787353515625;
2020-07-16 13:16:44;1594930623.8197901;portrait;0.1989288330078125;-1.043182373046875;-0.3614501953125;
2020-07-16 13:16:44;1594930623.860732;portrait;0.257171630859375;-1.228118896484375;-0.2593841552734375;
2020-07-16 13:16:44;1594930623.9004948;portrait;0.3043365478515625;-1.3801116943359375;-0.2954864501953125;
2020-07-16 13:16:44;1594930623.9429948;portrait;0.1907196044921875;-1.174560546875;-0.1699066162109375;
2020-07-16 13:16:44;1594930623.982092;portrait;0.179443359375;-0.8609466552734375;-0.17578125;
2020-07-16 13:16:44;1594930624.021302;portrait;0.134429931640625;-0.751556396484375;-0.1685943603515625;
2020-07-16 13:16:44;1594930624.063363;portrait;0.142547607421875;-0.7373809814453125;-0.0954437255859375;
2020-07-16 13:16:44;1594930624.102285;portrait;0.1912841796875;-0.73675537109375;-0.0632476806640625;
2020-07-16 13:16:44;1594930624.1427588;portrait;0.2210540771484375;-0.87774658203125;0.0012054443359375;
2020-07-16 13:16:44;1594930624.1824;portrait;0.250274658203125;-1.0197296142578125;0.0238037109375;
2020-07-16 13:16:44;1594930624.221935;portrait;0.328704833984375;-1.17431640625;-0.0161895751953125;
2020-07-16 13:16:44;1594930624.2623222;portrait;0.3426361083984375;-1.055816650390625;-0.2322845458984375;
2020-07-16 13:16:44;1594930624.2982512;portrait;0.399139404296875;-1.1068878173828125;-0.256134033203125;
2020-07-16 13:16:44;1594930624.341918;portrait;0.3320465087890625;-0.8160552978515625;-0.28814697265625;
2020-07-16 13:16:44;1594930624.3817492;portrait;0.2652435302734375;-0.7269439697265625;-0.3401336669921875;
2020-07-16 13:16:44;1594930624.423761;portrait;0.20257568359375;-1.0083770751953125;-0.2184295654296875;
2020-07-16 13:16:44;1594930624.46033;portrait;0.0630035400390625;-1.0116729736328125;-0.11822509765625;
2020-07-16 13:16:44;1594930624.500277;portrait;-0.002777099609375;-0.960479736328125;-0.2227630615234375;
2020-07-16 13:16:44;1594930624.541679;portrait;-0.0693511962890625;-0.711944580078125;-0.3280181884765625;
2020-07-16 13:16:44;1594930624.580574;portrait;0.064300537109375;-0.6471710205078125;-0.357330322265625;
2020-07-16 13:16:44;1594930624.6185539;portrait;0.0958099365234375;-0.683807373046875;-0.343048095703125;
2020-07-16 13:16:44;1594930624.661407;portrait;0.0836639404296875;-0.7760467529296875;-0.336212158203125;
2020-07-16 13:16:44;1594930624.700259;portrait;0.11712646484375;-0.872222900390625;-0.36279296875;
2020-07-16 13:16:44;1594930624.744355;portrait;0.1812744140625;-1.2249298095703125;-0.4531097412109375;
2020-07-16 13:16:44;1594930624.78192;portrait;0.1818084716796875;-1.2357177734375;-0.5347747802734375;
2020-07-16 13:16:44;1594930624.819248;portrait;0.15570068359375;-1.32568359375;-0.4378662109375;
2020-07-16 13:16:44;1594930624.862844;portrait;0.1812591552734375;-1.26373291015625;-0.5379180908203125;
2020-07-16 13:16:44;1594930624.901233;portrait;0.119293212890625;-1.1021881103515625;-0.3952484130859375;
2020-07-16 13:16:44;1594930624.940691;portrait;0.1523590087890625;-1.1758270263671875;-0.2605133056640625;
2020-07-16 13:16:44;1594930624.97711;portrait;0.125701904296875;-1.3186798095703125;-0.170379638671875;
2020-07-16 13:16:44;1594930625.0202706;portrait;0.11639404296875;-1.0215911865234375;-0.1231231689453125;
2020-07-16 13:16:44;1594930625.061287;portrait;0.1506195068359375;-0.7828369140625;-0.15716552734375;
2020-07-16 13:16:44;1594930625.1009989;portrait;0.1575775146484375;-0.6932830810546875;-0.1785736083984375;
2020-07-16 13:16:44;1594930625.1417134;portrait;0.1880035400390625;-0.606689453125;-0.1707916259765625;
2020-07-16 13:16:44;1594930625.179814;portrait;0.25140380859375;-0.5854949951171875;-0.169342041015625;
2020-07-16 13:16:44;1594930625.2233582;portrait;0.2871856689453125;-0.7718505859375;-0.1230316162109375;
2020-07-16 13:16:44;1594930625.261478;portrait;0.3047332763671875;-1.0389862060546875;-0.0728607177734375;
2020-07-16 13:16:44;1594930625.3007882;portrait;0.333984375;-1.23687744140625;-0.06884765625;
2020-07-16 13:16:44;1594930625.3414721;portrait;0.3187103271484375;-1.1795654296875;-0.2122802734375;
2020-07-16 13:16:44;1594930625.3801088;portrait;0.239532470703125;-1.243560791015625;-0.20013427734375;
2020-07-16 13:16:44;1594930625.4205651;portrait;0.14068603515625;-0.961029052734375;-0.23956298828125;
2020-07-16 13:16:44;1594930625.460702;portrait;0.075897216796875;-1.042327880859375;-0.251953125;
2020-07-16 13:16:44;1594930625.500155;portrait;0.0846710205078125;-1.0957489013671875;-0.2441864013671875;
2020-07-16 13:16:44;1594930625.539726;portrait;0.0606689453125;-0.881103515625;-0.2254791259765625;
2020-07-16 13:16:44;1594930625.583058;portrait;0.04522705078125;-0.6527099609375;-0.321380615234375;
2020-07-16 13:16:44;1594930625.620148;portrait;-0.04150390625;-0.5360260009765625;-0.3300018310546875;
2020-07-16 13:16:44;1594930625.6607769;portrait;-0.040374755859375;-0.55340576171875;-0.3030853271484375;
2020-07-16 13:16:44;1594930625.7003078;portrait;0.0423583984375;-0.8173980712890625;-0.3409271240234375;
2020-07-16 13:16:44;1594930625.737035;portrait;0.098876953125;-0.985076904296875;-0.37548828125;
2020-07-16 13:16:44;1594930625.77965;portrait;0.1848297119140625;-1.2299346923828125;-0.4474334716796875;
2020-07-16 13:16:44;1594930625.8201306;portrait;0.2353515625;-1.2157135009765625;-0.4895172119140625;
2020-07-16 13:16:44;1594930625.860131;portrait;0.2759552001953125;-1.407958984375;-0.463043212890625;
2020-07-16 13:16:44;1594930625.899126;portrait;0.2509765625;-1.281036376953125;-0.475067138671875;
2020-07-16 13:16:44;1594930625.939847;portrait;0.1519317626953125;-0.9871826171875;-0.3233795166015625;
2020-07-16 13:16:44;1594930625.979475;portrait;0.158172607421875;-1.13665771484375;-0.2290496826171875;
2020-07-16 13:16:44;1594930626.021704;portrait;0.1773681640625;-1.3441925048828125;-0.2088470458984375;
2020-07-16 13:16:44;1594930626.061239;portrait;0.1688995361328125;-1.120086669921875;-0.1407470703125;
2020-07-16 13:16:44;1594930626.099794;portrait;0.1574554443359375;-0.795135498046875;-0.1561431884765625;
2020-07-16 13:16:44;1594930626.1398714;portrait;0.15191650390625;-0.66656494140625;-0.16656494140625;
2020-07-16 13:16:44;1594930626.179883;portrait;0.17523193359375;-0.6121063232421875;-0.1488037109375;
2020-07-16 13:16:44;1594930626.219698;portrait;0.2522430419921875;-0.67181396484375;-0.1252899169921875;
2020-07-16 13:16:44;1594930626.259742;portrait;0.28009033203125;-0.853057861328125;-0.0611724853515625;
2020-07-16 13:16:44;1594930626.2967598;portrait;0.27838134765625;-0.883697509765625;-0.0205230712890625;
2020-07-16 13:16:44;1594930626.3395052;portrait;0.3010406494140625;-0.9799957275390624;-0.0387725830078125;
2020-07-16 13:16:44;1594930626.3779988;portrait;0.3106689453125;-1.0605926513671875;-0.1556854248046875;
2020-07-16 13:16:44;1594930626.418168;portrait;0.3477783203125;-1.219757080078125;-0.2549896240234375;
2020-07-16 13:16:44;1594930626.459404;portrait;0.352813720703125;-1.1608123779296875;-0.4407806396484375;
2020-07-16 13:16:44;1594930626.4998422;portrait;0.2711334228515625;-0.8782196044921875;-0.5523834228515625;
2020-07-16 13:16:44;1594930626.539881;portrait;0.1144866943359375;-0.9186859130859376;-0.3419952392578125;
2020-07-16 13:16:44;1594930626.581105;portrait;0.0797271728515625;-1.05206298828125;-0.250518798828125;
2020-07-16 13:16:44;1594930626.615674;portrait;-0.134246826171875;-0.8360137939453125;-0.22259521484375;
2020-07-16 13:16:44;1594930626.65811;portrait;-0.057373046875;-0.664794921875;-0.2731475830078125;
2020-07-16 13:16:44;1594930626.699682;portrait;0.0563201904296875;-0.66046142578125;-0.4250946044921875;
2020-07-16 13:16:44;1594930626.7362552;portrait;0.1484832763671875;-0.7059783935546875;-0.5677337646484375;
2020-07-16 13:16:44;1594930626.777923;portrait;0.2124481201171875;-0.7100372314453125;-0.6148223876953125;
2020-07-16 13:16:44;1594930626.817105;portrait;0.2907867431640625;-0.8290863037109375;-0.5647430419921875;
2020-07-16 13:16:44;1594930626.8568249;portrait;0.4446258544921875;-1.0430450439453125;-0.6393890380859375;
2020-07-16 13:16:44;1594930626.8976688;portrait;0.4412994384765625;-1.2354888916015625;-0.4587860107421875;
2020-07-16 13:16:44;1594930626.939519;portrait;0.496368408203125;-1.565887451171875;-0.333648681640625;
2020-07-16 13:16:44;1594930626.979525;portrait;0.322845458984375;-1.2738189697265625;-0.187530517578125;
2020-07-16 13:16:44;1594930627.0182712;portrait;0.1739959716796875;-0.9959716796875;-0.2139739990234375;
2020-07-16 13:16:44;1594930627.057683;portrait;0.2700653076171875;-1.3030853271484375;-0.1269378662109375;
2020-07-16 13:16:44;1594930627.098181;portrait;0.4154815673828125;-1.326141357421875;-0.1053924560546875;
2020-07-16 13:16:44;1594930627.140223;portrait;0.56561279296875;-0.96307373046875;-0.15399169921875;
2020-07-16 13:16:44;1594930627.1791694;portrait;0.3719940185546875;-0.7708587646484375;-0.122100830078125;
2020-07-16 13:16:44;1594930627.2155;portrait;0.22076416015625;-0.5919189453125;-0.06903076171875;
2020-07-16 13:16:44;1594930627.2627294;portrait;0.2338409423828125;-0.5760650634765625;-0.0354461669921875;
2020-07-16 13:16:44;1594930627.295676;portrait;0.292694091796875;-0.674072265625;-0.0681304931640625;
2020-07-16 13:16:44;1594930627.342273;portrait;0.321563720703125;-0.78277587890625;-0.0956878662109375;
2020-07-16 13:16:44;1594930627.37646;portrait;0.3421478271484375;-1.0825958251953125;-0.1083984375;
2020-07-16 13:16:44;1594930627.417233;portrait;0.29473876953125;-1.1660919189453125;-0.11053466796875;
2020-07-16 13:16:44;1594930627.462608;portrait;0.1206207275390625;-1.0953216552734375;-0.1954803466796875;
2020-07-16 13:16:44;1594930627.4974296;portrait;0.1407928466796875;-1.202239990234375;-0.3519439697265625;
2020-07-16 13:16:44;1594930627.5405939;portrait;-0.16448974609375;-0.9476776123046876;-0.382232666015625;
2020-07-16 13:16:44;1594930627.5774472;portrait;-0.290069580078125;-1.087860107421875;-0.2269134521484375;
2020-07-16 13:16:44;1594930627.616319;portrait;-0.1430511474609375;-1.439422607421875;0.0384979248046875;
2020-07-16 13:16:44;1594930627.656952;portrait;0.0260009765625;-1.262725830078125;-0.05511474609375;
2020-07-16 13:16:44;1594930627.697263;portrait;0.17864990234375;-1.2596588134765625;-0.2472686767578125;
2020-07-16 13:16:44;1594930627.743449;portrait;0.1741790771484375;-0.9193115234375;-0.393798828125;
2020-07-16 13:16:44;1594930627.777834;portrait;0.218719482421875;-0.820098876953125;-0.5010986328125;
2020-07-16 13:16:44;1594930627.8174748;portrait;0.2202606201171875;-0.730712890625;-0.5742340087890625;
2020-07-16 13:16:44;1594930627.8557868;portrait;0.1984100341796875;-0.75103759765625;-0.502655029296875;
2020-07-16 13:16:44;1594930627.896574;portrait;0.1561279296875;-0.8258056640625;-0.524932861328125;
2020-07-16 13:16:44;1594930627.9411466;portrait;0.164520263671875;-1.0457305908203125;-0.5634002685546875;
2020-07-16 13:16:44;1594930627.9758248;portrait;0.1197357177734375;-1.1494293212890625;-0.4465484619140625;
2020-07-16 13:16:44;1594930628.020766;portrait;0.12005615234375;-1.382476806640625;-0.235931396484375;
2020-07-16 13:16:44;1594930628.055922;portrait;0.141876220703125;-1.328155517578125;-0.0114898681640625;
2020-07-16 13:16:44;1594930628.098148;portrait;0.2017974853515625;-1.1502685546875;0.051513671875;
2020-07-16 13:16:44;1594930628.1375098;portrait;0.268463134765625;-1.3623199462890625;-0.0238494873046875;
2020-07-16 13:16:44;1594930628.1776428;portrait;0.43072509765625;-1.54266357421875;-0.1460113525390625;
2020-07-16 13:16:44;1594930628.217715;portrait;0.5811309814453125;-1.5127716064453125;-0.11041259765625;
2020-07-16 13:16:44;1594930628.2575376;portrait;0.270050048828125;-1.1411895751953125;0.2425537109375;
2020-07-16 13:16:44;1594930628.297322;portrait;0.1891021728515625;-1.0803375244140625;0.30523681640625;
2020-07-16 13:16:44;1594930628.33707;portrait;0.164337158203125;-1.1654815673828125;0.2552490234375;
2020-07-16 13:16:44;1594930628.3795419;portrait;0.1588287353515625;-1.0661773681640625;0.2503204345703125;
2020-07-16 13:16:44;1594930628.417098;portrait;0.234375;-0.9163360595703124;0.1789093017578125;
2020-07-16 13:16:44;1594930628.456019;portrait;0.232452392578125;-1.096099853515625;0.20703125;
2020-07-16 13:16:44;1594930628.4969912;portrait;0.28607177734375;-1.1094512939453125;0.2235565185546875;
2020-07-16 13:16:44;1594930628.539736;portrait;0.3368072509765625;-1.0676727294921875;0.0880126953125;
2020-07-16 13:16:44;1594930628.577321;portrait;0.325897216796875;-0.8892669677734375;-0.1930694580078125;
2020-07-16 13:16:44;1594930628.6162992;portrait;0.2577667236328125;-0.8101043701171875;-0.3548431396484375;
2020-07-16 13:16:44;1594930628.6571429;portrait;0.353668212890625;-0.99261474609375;-0.4715118408203125;
2020-07-16 13:16:44;1594930628.696108;portrait;0.2175445556640625;-1.11627197265625;-0.186676025390625;
2020-07-16 13:16:44;1594930628.737294;portrait;0.050384521484375;-1.07525634765625;-0.079803466796875;
2020-07-16 13:16:44;1594930628.776668;portrait;-0.1529083251953125;-0.9586944580078124;-0.0605926513671875;
2020-07-16 13:16:44;1594930628.815233;portrait;-0.2666015625;-0.9234161376953124;-0.062957763671875;
2020-07-16 13:16:44;1594930628.859791;portrait;-0.0555267333984375;-0.7742919921875;-0.3285980224609375;
2020-07-16 13:16:44;1594930628.895994;portrait;0.1386566162109375;-0.7493896484375;-0.4958648681640625;
2020-07-16 13:16:44;1594930628.93676;portrait;0.2081298828125;-0.8553009033203125;-0.4550323486328125;
2020-07-16 13:16:44;1594930628.974375;portrait;0.2224884033203125;-0.916107177734375;-0.4360809326171875;
2020-07-16 13:16:44;1594930629.013371;portrait;0.2060089111328125;-1.1068572998046875;-0.3867034912109375;
2020-07-16 13:16:44;1594930629.053287;portrait;0.1433868408203125;-1.1209564208984375;-0.3217620849609375;
2020-07-16 13:16:44;1594930629.092829;portrait;0.2767791748046875;-1.19158935546875;-0.318023681640625;
2020-07-16 13:16:44;1594930629.135731;portrait;0.4027099609375;-1.215850830078125;-0.374725341796875;
2020-07-16 13:16:44;1594930629.1757948;portrait;0.447998046875;-1.15972900390625;-0.313751220703125;
2020-07-16 13:16:44;1594930629.2161732;portrait;0.429779052734375;-1.262451171875;-0.085968017578125;
2020-07-16 13:16:44;1594930629.2549226;portrait;0.5656890869140625;-1.1527252197265625;-0.072418212890625;
2020-07-16 13:16:44;1594930629.2969034;portrait;0.5000762939453125;-0.9414825439453124;-0.1344451904296875;
2020-07-16 13:16:44;1594930629.340435;portrait;0.3867340087890625;-0.867950439453125;-0.12353515625;
2020-07-16 13:16:44;1594930629.373026;portrait;0.354217529296875;-0.74493408203125;-0.0980682373046875;
2020-07-16 13:16:44;1594930629.415186;portrait;0.3645172119140625;-0.88104248046875;0.002532958984375;
2020-07-16 13:16:44;1594930629.454672;portrait;0.377532958984375;-0.9151763916015624;0.082855224609375;
2020-07-16 13:16:44;1594930629.4959939;portrait;0.355133056640625;-1.101348876953125;0.173858642578125;
2020-07-16 13:16:44;1594930629.535642;portrait;0.2652435302734375;-1.2459716796875;0.142303466796875;
2020-07-16 13:16:44;1594930629.575234;portrait;0.2123870849609375;-1.1276397705078125;-0.0171051025390625;
2020-07-16 13:16:44;1594930629.6152241;portrait;0.2529296875;-1.0839385986328125;-0.2305450439453125;
2020-07-16 13:16:44;1594930629.652135;portrait;0.1913909912109375;-0.914031982421875;-0.325927734375;
2020-07-16 13:16:44;1594930629.6960158;portrait;0.087249755859375;-0.761199951171875;-0.2028961181640625;
2020-07-16 13:16:44;1594930629.734758;portrait;0.154998779296875;-0.9177093505859376;-0.181060791015625;
2020-07-16 13:16:44;1594930629.7743149;portrait;0.141632080078125;-1.04248046875;-0.20965576171875;
2020-07-16 13:16:44;1594930629.814501;portrait;0.1031494140625;-0.9487457275390624;-0.3133087158203125;
2020-07-16 13:16:44;1594930629.854491;portrait;0.03704833984375;-0.746063232421875;-0.38543701171875;
2020-07-16 13:16:44;1594930629.892982;portrait;0.0246124267578125;-0.6681060791015625;-0.3461761474609375;
2020-07-16 13:16:44;1594930629.930784;portrait;-0.0028076171875;-0.7906646728515625;-0.305328369140625;
2020-07-16 13:16:44;1594930629.97552;portrait;0.0190277099609375;-0.9424285888671876;-0.34112548828125;
2020-07-16 13:16:44;1594930630.016178;portrait;0.1630706787109375;-1.0829315185546875;-0.3926239013671875;
2020-07-16 13:16:44;1594930630.054826;portrait;0.2325592041015625;-1.28460693359375;-0.460357666015625;
2020-07-16 13:16:44;1594930630.0950382;portrait;0.285491943359375;-1.277984619140625;-0.4538421630859375;
2020-07-16 13:16:44;1594930630.13445;portrait;0.3725433349609375;-1.2010498046875;-0.4914398193359375;
2020-07-16 13:16:44;1594930630.1745546;portrait;0.4673614501953125;-1.1427764892578125;-0.6270599365234375;
2020-07-16 13:16:44;1594930630.2124119;portrait;0.3666229248046875;-1.1139068603515625;-0.393951416015625;
2020-07-16 13:16:44;1594930630.2549038;portrait;0.378173828125;-1.2445220947265625;-0.2463531494140625;
2020-07-16 13:16:44;1594930630.295708;portrait;0.4302215576171875;-1.2543487548828125;-0.194183349609375;
2020-07-16 13:16:44;1594930630.334508;portrait;0.2628631591796875;-1.0501861572265625;-0.09576416015625;
2020-07-16 13:16:44;1594930630.3750188;portrait;0.1431121826171875;-0.7907867431640625;-0.056915283203125;
2020-07-16 13:16:44;1594930630.414273;portrait;0.1358489990234375;-0.71759033203125;-0.085418701171875;
2020-07-16 13:16:44;1594930630.455275;portrait;0.1344146728515625;-0.8167572021484375;-0.0317535400390625;
2020-07-16 13:16:44;1594930630.4928071;portrait;0.218109130859375;-0.821685791015625;0.0345611572265625;
2020-07-16 13:16:44;1594930630.534225;portrait;0.414703369140625;-1.140716552734375;0.0684661865234375;
2020-07-16 13:16:44;1594930630.575309;portrait;0.2929229736328125;-1.2305755615234375;0.1122894287109375;
2020-07-16 13:16:44;1594930630.6141338;portrait;0.1779022216796875;-1.1602935791015625;0.0308074951171875;
2020-07-16 13:16:44;1594930630.652323;portrait;0.2190093994140625;-1.1677093505859375;-0.14617919921875;
2020-07-16 13:16:44;1594930630.6909652;portrait;0.1945648193359375;-0.918975830078125;-0.3132171630859375;
2020-07-16 13:16:44;1594930630.7344706;portrait;0.09930419921875;-0.9482421875;-0.223419189453125;
2020-07-16 13:16:44;1594930630.7742631;portrait;0.1944580078125;-1.0688934326171875;-0.2207183837890625;
2020-07-16 13:16:44;1594930630.814388;portrait;0.1351776123046875;-0.961181640625;-0.2617645263671875;
2020-07-16 13:16:44;1594930630.8535626;portrait;-0.003265380859375;-0.7413330078125;-0.3072052001953125;
2020-07-16 13:16:44;1594930630.894495;portrait;0.0314788818359375;-0.6108856201171875;-0.3619384765625;
2020-07-16 13:16:44;1594930630.9316466;portrait;0.045562744140625;-0.6197509765625;-0.2775421142578125;
2020-07-16 13:16:44;1594930630.9741678;portrait;0.0800323486328125;-0.818817138671875;-0.23944091796875;
2020-07-16 13:16:44;1594930631.014536;portrait;0.1171417236328125;-1.09552001953125;-0.2830047607421875;
2020-07-16 13:16:44;1594930631.05296;portrait;0.2018890380859375;-1.1406402587890625;-0.4038238525390625;
2020-07-16 13:16:44;1594930631.092359;portrait;0.26416015625;-1.2703704833984375;-0.5990753173828125;
2020-07-16 13:16:44;1594930631.1335962;portrait;0.2143402099609375;-1.268585205078125;-0.569366455078125;
2020-07-16 13:16:44;1594930631.172917;portrait;0.3059234619140625;-1.5074615478515625;-0.5640106201171875;
2020-07-16 13:16:44;1594930631.213811;portrait;0.1868438720703125;-1.296051025390625;-0.3853912353515625;
2020-07-16 13:16:44;1594930631.2530642;portrait;0.13665771484375;-1.1783447265625;-0.2598114013671875;
2020-07-16 13:16:44;1594930631.292717;portrait;0.1440887451171875;-1.2856903076171875;-0.24786376953125;
2020-07-16 13:16:44;1594930631.332783;portrait;0.095550537109375;-1.033233642578125;-0.1376953125;
2020-07-16 13:16:44;1594930631.370466;portrait;0.14752197265625;-0.7645263671875;-0.1667327880859375;
2020-07-16 13:16:44;1594930631.411803;portrait;0.13330078125;-0.69183349609375;-0.1766204833984375;
2020-07-16 13:16:44;1594930631.4579198;portrait;0.1567840576171875;-0.7264556884765625;-0.144866943359375;
2020-07-16 13:16:44;1594930631.491952;portrait;0.217987060546875;-0.79876708984375;-0.0948486328125;
2020-07-16 13:16:44;1594930631.532371;portrait;0.26324462890625;-0.9004058837890625;0.0093994140625;
2020-07-16 13:16:44;1594930631.573011;portrait;0.294036865234375;-1.11212158203125;0.083343505859375;
2020-07-16 13:16:44;1594930631.6106749;portrait;0.2959747314453125;-1.209320068359375;0.0609893798828125;
2020-07-16 13:16:44;1594930631.6503642;portrait;0.273193359375;-0.995513916015625;-0.1014404296875;
2020-07-16 13:16:44;1594930631.692647;portrait;0.3211822509765625;-1.23822021484375;-0.309295654296875;
2020-07-16 13:16:44;1594930631.7348454;portrait;0.24853515625;-1.03033447265625;-0.3724365234375;
2020-07-16 13:16:44;1594930631.7732294;portrait;0.1387176513671875;-0.9081268310546876;-0.2990875244140625;
2020-07-16 13:16:44;1594930631.8128269;portrait;0.068695068359375;-0.9072113037109376;-0.1991729736328125;
2020-07-16 13:16:44;1594930631.852412;portrait;0.001434326171875;-0.86614990234375;-0.1987762451171875;
2020-07-16 13:16:44;1594930631.8912249;portrait;-0.031005859375;-0.6944427490234375;-0.22705078125;
2020-07-16 13:16:44;1594930631.931937;portrait;0.0467987060546875;-0.669769287109375;-0.31451416015625;
2020-07-16 13:16:44;1594930631.970375;portrait;0.087432861328125;-0.71258544921875;-0.438720703125;
2020-07-16 13:16:44;1594930632.0127811;portrait;0.0460052490234375;-0.777374267578125;-0.443267822265625;
2020-07-16 13:16:44;1594930632.0559962;portrait;0.01324462890625;-0.8078765869140625;-0.3720245361328125;
2020-07-16 13:16:44;1594930632.0929806;portrait;0.11810302734375;-1.11993408203125;-0.361907958984375;
2020-07-16 13:16:44;1594930632.1329699;portrait;0.22344970703125;-1.2675018310546875;-0.52386474609375;
2020-07-16 13:16:44;1594930632.1718922;portrait;0.238494873046875;-1.3387908935546875;-0.4958953857421875;
2020-07-16 13:16:44;1594930632.2115529;portrait;0.310516357421875;-1.3411865234375;-0.611053466796875;
2020-07-16 13:16:44;1594930632.255427;portrait;0.1518707275390625;-1.0329742431640625;-0.547088623046875;
2020-07-16 13:16:44;1594930632.294725;portrait;0.1438446044921875;-1.2279510498046875;-0.36834716796875;
2020-07-16 13:16:44;1594930632.3326411;portrait;0.191925048828125;-1.3658599853515625;-0.2835845947265625;
2020-07-16 13:16:44;1594930632.371665;portrait;0.0858612060546875;-1.143280029296875;-0.1294097900390625;
2020-07-16 13:16:44;1594930632.4121454;portrait;0.08673095703125;-0.8197479248046875;-0.1087646484375;
2020-07-16 13:16:44;1594930632.452375;portrait;0.092987060546875;-0.811859130859375;-0.1511993408203125;
2020-07-16 13:16:44;1594930632.4912179;portrait;0.1120147705078125;-0.813018798828125;-0.1614227294921875;
2020-07-16 13:16:44;1594930632.529299;portrait;0.1767120361328125;-0.8283233642578125;-0.1319122314453125;
2020-07-16 13:16:44;1594930632.5730784;portrait;0.2525634765625;-0.9362335205078124;-0.0947418212890625;
2020-07-16 13:16:44;1594930632.612489;portrait;0.2603302001953125;-1.0847015380859375;-0.0069122314453125;
2020-07-16 13:16:44;1594930632.6527789;portrait;0.2818450927734375;-1.01348876953125;-0.0389404296875;
2020-07-16 13:16:44;1594930632.692723;portrait;0.256011962890625;-1.1435699462890625;-0.15045166015625;
2020-07-16 13:16:44;1594930632.7316759;portrait;0.262786865234375;-1.1193695068359375;-0.17584228515625;
2020-07-16 13:16:44;1594930632.77185;portrait;0.2233428955078125;-0.864501953125;-0.306549072265625;
2020-07-16 13:16:44;1594930632.814788;portrait;0.2189178466796875;-0.7883453369140625;-0.3928070068359375;
2020-07-16 13:16:44;1594930632.8520432;portrait;0.100982666015625;-0.9160003662109376;-0.286865234375;
2020-07-16 13:16:44;1594930632.8898618;portrait;0.0918426513671875;-0.905548095703125;-0.1617889404296875;
2020-07-16 13:16:44;1594930632.930722;portrait;0.031951904296875;-0.7147216796875;-0.087921142578125;
2020-07-16 13:16:44;1594930632.9708052;portrait;0.0660552978515625;-0.752197265625;-0.12567138671875;
2020-07-16 13:16:44;1594930633.011956;portrait;0.1185150146484375;-0.852508544921875;-0.234161376953125;
2020-07-16 13:16:44;1594930633.049007;portrait;0.1652984619140625;-1.034088134765625;-0.215118408203125;
2020-07-16 13:16:44;1594930633.090913;portrait;0.2550048828125;-1.1198883056640625;-0.17474365234375;
2020-07-16 13:16:44;1594930633.133255;portrait;0.3742218017578125;-1.3067626953125;-0.3003082275390625;
2020-07-16 13:16:44;1594930633.171361;portrait;0.272064208984375;-1.1514434814453125;-0.3355560302734375;
2020-07-16 13:16:44;1594930633.210918;portrait;0.3717803955078125;-1.374176025390625;-0.4673919677734375;
2020-07-16 13:16:44;1594930633.248084;portrait;0.3935089111328125;-1.32537841796875;-0.627410888671875;
2020-07-16 13:16:44;1594930633.291467;portrait;0.1178741455078125;-1.0464324951171875;-0.3275299072265625;
2020-07-16 13:16:44;1594930633.331931;portrait;0.124908447265625;-1.3138885498046875;-0.280120849609375;
2020-07-16 13:16:44;1594930633.3717868;portrait;-0.0784912109375;-1.165435791015625;-0.0624237060546875;
2020-07-16 13:16:44;1594930633.410432;portrait;0.001434326171875;-1.0623779296875;-0.0653076171875;
2020-07-16 13:16:44;1594930633.450149;portrait;0.0550689697265625;-1.1943511962890625;-0.0855865478515625;
2020-07-16 13:16:44;1594930633.489499;portrait;0.1987457275390625;-1.0434722900390625;-0.1941375732421875;
2020-07-16 13:16:44;1594930633.5302694;portrait;0.3235015869140625;-0.9892120361328124;-0.291015625;
2020-07-16 13:16:44;1594930633.572231;portrait;0.22412109375;-0.89031982421875;-0.2391204833984375;
2020-07-16 13:16:44;1594930633.609858;portrait;0.1208343505859375;-0.8094329833984375;-0.1203765869140625;
2020-07-16 13:16:44;1594930633.6511471;portrait;0.0706329345703125;-0.618011474609375;-0.07147216796875;
2020-07-16 13:16:44;1594930633.691359;portrait;0.0919342041015625;-0.6322479248046875;-0.010162353515625;
2020-07-16 13:16:44;1594930633.731219;portrait;0.040863037109375;-0.5044403076171875;0.1106109619140625;
2020-07-16 13:16:44;1594930633.7679589;portrait;0.2127532958984375;-0.338653564453125;0.1230010986328125;
2020-07-16 13:16:44;1594930633.811141;portrait;0.418792724609375;-0.40435791015625;-0.010162353515625;
2020-07-16 13:16:44;1594930633.851294;portrait;0.7136383056640625;-0.4915008544921875;-0.282623291015625;
2020-07-16 13:16:44;1594930633.88983;portrait;0.60357666015625;-0.6221466064453125;-0.4663543701171875;
2020-07-16 13:16:44;1594930633.927693;portrait;0.60772705078125;-0.896759033203125;-0.3180389404296875;
2020-07-16 13:16:44;1594930633.970419;portrait;0.777740478515625;-1.009796142578125;-0.2642364501953125;
2020-07-16 13:16:44;1594930634.0094252;portrait;1.011566162109375;-0.91973876953125;-0.291595458984375;
2020-07-16 13:16:44;1594930634.049747;portrait;0.5640716552734375;-0.7720947265625;-0.2647247314453125;
2020-07-16 13:16:44;1594930634.0930321;portrait;0.7962799072265625;-0.758941650390625;-0.41461181640625;
2020-07-16 13:16:44;1594930634.1308448;portrait;0.7730865478515625;-0.762847900390625;-0.49652099609375;
2020-07-16 13:16:44;1594930634.172169;portrait;0.6333770751953125;-1.0103912353515625;-0.29656982421875;
2020-07-16 13:16:44;1594930634.210229;portrait;0.45294189453125;-0.871490478515625;-0.32147216796875;
2020-07-16 13:16:44;1594930634.252617;portrait;1.355499267578125;-1.2765045166015625;-1.46221923828125;
2020-07-16 13:16:44;1594930634.2910311;portrait;0.5859527587890625;-0.616790771484375;-0.4127655029296875;
2020-07-16 13:16:44;1594930634.327599;portrait;0.4741058349609375;-0.78607177734375;-0.7599639892578125;
2020-07-16 13:16:44;1594930634.369797;portrait;0.404449462890625;-0.8762054443359375;-0.9394378662109376;
2020-07-16 13:16:44;1594930634.410522;portrait;0.3690185546875;-0.79156494140625;-0.7216796875;
2020-07-16 13:16:44;1594930634.44801;portrait;0.5355377197265625;-0.6573944091796875;-0.599151611328125;
2020-07-16 13:16:44;1594930634.4897711;portrait;0.373504638671875;-0.454864501953125;-0.5397186279296875;
2020-07-16 13:16:44;1594930634.52909;portrait;0.7537841796875;-0.6158294677734375;-0.771087646484375;
2020-07-16 13:16:44;1594930634.567392;portrait;0.91705322265625;-0.566925048828125;-0.7388763427734375;
2020-07-16 13:16:44;1594930634.612616;portrait;0.7805938720703125;-0.46929931640625;-0.5367584228515625;
2020-07-16 13:16:44;1594930634.6500962;portrait;0.6197052001953125;-0.402435302734375;-0.3047027587890625;
2020-07-16 13:16:44;1594930634.689987;portrait;0.3607635498046875;-0.29498291015625;-0.1445159912109375;
2020-07-16 13:16:44;1594930634.729965;portrait;0.2821197509765625;-0.1481475830078125;-0.2655029296875;
2020-07-16 13:16:44;1594930634.769582;portrait;0.699981689453125;-0.1084136962890625;-0.8494720458984375;
2020-07-16 13:16:44;1594930634.8066602;portrait;1.22625732421875;-0.1939239501953125;-1.4185028076171875;
2020-07-16 13:16:44;1594930634.8504481;portrait;1.322235107421875;-0.209625244140625;-1.1456146240234375;
2020-07-16 13:16:44;1594930634.890109;portrait;0.3303985595703125;-0.5178985595703125;-0.5272979736328125;
2020-07-16 13:16:44;1594930634.9292998;portrait;-0.1018524169921875;-0.4424591064453125;-0.6541595458984375;
2020-07-16 13:16:44;1594930634.9678411;portrait;0.1715240478515625;-0.6121826171875;-0.936004638671875;
2020-07-16 13:16:44;1594930635.011898;portrait;0.652984619140625;-0.56378173828125;-1.3714141845703125;
2020-07-16 13:16:44;1594930635.049216;portrait;-0.1396026611328125;-0.4972381591796875;-1.211090087890625;
2020-07-16 13:16:44;1594930635.089968;portrait;0.1184844970703125;-0.5013275146484375;-1.05279541015625;
2020-07-16 13:16:44;1594930635.1292794;portrait;-0.302337646484375;-0.52001953125;-0.76708984375;
2020-07-16 13:16:44;1594930635.1661592;portrait;-0.0780792236328125;-0.320709228515625;-0.9024505615234376;
2020-07-16 13:16:44;1594930635.207999;portrait;-0.065704345703125;-0.31787109375;-0.8671722412109375;
2020-07-16 13:16:44;1594930635.2492108;portrait;-0.1134796142578125;-0.151763916015625;-0.6472015380859375;
2020-07-16 13:16:44;1594930635.2867124;portrait;-0.050262451171875;-0.244293212890625;-0.964630126953125;
2020-07-16 13:16:44;1594930635.3289301;portrait;-0.2709197998046875;-0.20538330078125;-0.9122161865234376;
2020-07-16 13:16:44;1594930635.366575;portrait;-0.1456298828125;-0.173309326171875;-0.783721923828125;
2020-07-16 13:16:44;1594930635.407074;portrait;-0.2058258056640625;-0.1562957763671875;-0.8842926025390625;
2020-07-16 13:16:44;1594930635.449902;portrait;-0.2158355712890625;-0.166717529296875;-0.970794677734375;
2020-07-16 13:16:44;1594930635.486489;portrait;-0.2402496337890625;-0.1151275634765625;-0.915435791015625;
2020-07-16 13:16:44;1594930635.527472;portrait;-0.1139678955078125;-0.1195831298828125;-0.9187164306640624;
2020-07-16 13:16:44;1594930635.569664;portrait;-0.1749267578125;-0.04364013671875;-0.968231201171875;
2020-07-16 13:16:44;1594930635.6075618;portrait;-0.1322479248046875;-0.0442962646484375;-1.026641845703125;
2020-07-16 13:16:44;1594930635.648032;portrait;-0.1362762451171875;-0.05035400390625;-0.984222412109375;
2020-07-16 13:16:44;1594930635.686784;portrait;-0.1986083984375;-0.1195220947265625;-1.041015625;
2020-07-16 13:16:44;1594930635.7289429;portrait;-0.25140380859375;-0.11749267578125;-1.0430755615234375;
2020-07-16 13:16:44;1594930635.767407;portrait;-0.2748565673828125;-0.1013336181640625;-0.9626617431640624;
2020-07-16 13:16:44;1594930635.806946;portrait;-0.2633056640625;-0.10308837890625;-0.9635009765625;
2020-07-16 13:16:44;1594930635.8442569;portrait;-0.1942138671875;-0.0921478271484375;-0.990081787109375;
2020-07-16 13:16:44;1594930635.887202;portrait;-0.2917327880859375;-0.0916595458984375;-0.9367218017578124;
2020-07-16 13:16:44;1594930635.9269528;portrait;-0.1831817626953125;-0.0899200439453125;-0.9285888671875;
2020-07-16 13:16:44;1594930635.969273;portrait;-0.2797698974609375;-0.0769500732421875;-0.972503662109375;
2020-07-16 13:16:44;1594930636.007234;portrait;-0.191558837890625;-0.0856475830078125;-1.0265655517578125;
2020-07-16 13:16:44;1594930636.046732;portrait;-0.214080810546875;-0.0998687744140625;-0.9808502197265624;
2020-07-16 13:16:44;1594930636.086688;portrait;-0.2067718505859375;-0.099853515625;-1.0061798095703125;
2020-07-16 13:16:44;1594930636.127142;portrait;-0.1879119873046875;-0.0812225341796875;-1.0295867919921875;
2020-07-16 13:16:44;1594930636.1664784;portrait;-0.2315521240234375;-0.0604248046875;-0.9605865478515624;
2020-07-16 13:16:44;1594930636.2071722;portrait;-0.21893310546875;-0.069305419921875;-0.9852447509765624;
2020-07-16 13:16:44;1594930636.246673;portrait;-0.2044830322265625;-0.0637054443359375;-1.0092620849609375;
2020-07-16 13:16:44;1594930636.2861938;portrait;-0.2101287841796875;-0.0524749755859375;-0.9735260009765624;
2020-07-16 13:16:44;1594930636.327141;portrait;-0.2077178955078125;-0.0713653564453125;-0.9651031494140624;
2020-07-16 13:16:44;1594930636.3659868;portrait;-0.194610595703125;-0.1086578369140625;-0.99224853515625;
2020-07-16 13:16:44;1594930636.4060268;portrait;-0.2035064697265625;-0.1244049072265625;-0.973052978515625;
2020-07-16 13:16:44;1594930636.4465852;portrait;-0.1841888427734375;-0.1163482666015625;-0.969818115234375;
2020-07-16 13:16:44;1594930636.4860704;portrait;-0.202392578125;-0.1259613037109375;-1.009429931640625;
2020-07-16 13:16:44;1594930636.5274694;portrait;-0.2243804931640625;-0.1155548095703125;-0.9936065673828124;
2020-07-16 13:16:44;1594930636.566376;portrait;-0.19842529296875;-0.12109375;-0.9728851318359376;
2020-07-16 13:16:44;1594930636.6044831;portrait;-0.211181640625;-0.136566162109375;-0.9544525146484376;
2020-07-16 13:16:44;1594930636.6474981;portrait;-0.200286865234375;-0.1399993896484375;-0.97882080078125;
2020-07-16 13:16:44;1594930636.685886;portrait;-0.21881103515625;-0.144989013671875;-1.0018157958984375;
2020-07-16 13:16:44;1594930636.72543;portrait;-0.2223358154296875;-0.1426849365234375;-0.9757843017578124;
2020-07-16 13:16:44;1594930636.7721179;portrait;-0.22698974609375;-0.146392822265625;-0.988525390625;
2020-07-16 13:16:44;1594930636.8054216;portrait;-0.2464599609375;-0.13177490234375;-0.974884033203125;
2020-07-16 13:16:44;1594930636.8495731;portrait;-0.21197509765625;-0.1724395751953125;-0.9915313720703124;
2020-07-16 13:16:44;1594930636.88219;portrait;-0.27362060546875;-0.181976318359375;-0.9499053955078124;
2020-07-16 13:16:44;1594930636.924967;portrait;-0.1800079345703125;-0.1288909912109375;-0.983062744140625;
2020-07-16 13:16:44;1594930636.9660704;portrait;-0.2306671142578125;-0.14410400390625;-0.9897613525390624;
2020-07-16 13:16:44;1594930637.0058382;portrait;-0.243499755859375;-0.138397216796875;-0.9541168212890624;
